date,revenue,marketing_spend,site_visits,price,holiday_flag
2022-01-01,10496.714153011233,549.8806081801431,2788.1454692347434,9.49,1
2022-01-02,9937.12577587798,410.97518056884843,3069.5481688330924,9.49,1
2022-01-03,10798.441065081266,564.3815538605202,2966.192277230747,9.49,0
2022-01-04,11749.089591222892,696.1140853684223,3388.8993222038407,10.49,0
2022-01-05,10067.130735120782,513.1285508211799,3856.865265685503,9.99,0
2022-01-06,10142.261140805062,515.2313952810296,3712.908868136692,9.99,0
2022-01-07,12030.587008238781,461.1310128505879,2959.3854840078357,9.49,0
2022-01-08,11293.619678699943,432.10080042480746,3802.95211254957,9.99,1
2022-01-09,10131.328609681506,226.04537612413662,3445.0968601502477,9.99,1
2022-01-10,11217.761086611255,910.8034029679507,2791.196681607067,9.99,0
2022-01-11,10285.934207706414,265.52406330706367,3495.1690841893546,9.99,0
2022-01-12,10357.498731878894,379.2938970347632,3876.215578769945,9.49,0
2022-01-13,11138.76610723985,413.25685224815305,2780.3574290497477,10.49,0
2022-01-14,9056.770876744762,631.8234192261264,2258.2798525162966,9.99,1
2022-01-15,9318.02582447209,406.91135556519896,3304.238480763378,10.49,1
2022-01-16,10553.167383395066,777.2067837045001,3301.6978704313437,9.99,1
2022-01-17,10174.727405756481,374.03824543905034,3328.156359346706,9.99,0
2022-01-18,11573.47564678429,634.4726147839749,3642.3373022355354,9.99,0
2022-01-19,10422.414208856142,354.05129979085564,3322.0722231209147,9.99,0
2022-01-20,9988.858944795495,928.4727727944523,2333.421619283107,10.49,0
2022-01-21,12937.024591205083,409.3315457543516,4404.766230672249,9.99,0
2022-01-22,11315.276159780324,627.7279500344217,3979.377844147984,9.49,1
2022-01-23,11677.695647936067,710.6401585832231,3388.613322346806,9.99,1
2022-01-24,10253.947714952827,595.4572052379409,3054.445839578917,9.99,0
2022-01-25,11202.230497133596,523.0539930811382,2595.115397862218,9.99,1
2022-01-26,11924.817650585373,570.2767425825834,3834.57267318453,9.49,0
2022-01-27,10729.523776752276,545.2384832334357,3504.885853882755,9.99,0
2022-01-28,12322.154345041161,586.7073169263604,3665.5507950126926,9.99,0
2022-01-29,11411.049813886155,763.3283140532897,3985.491624101098,9.99,1
2022-01-30,11784.496971617606,1031.3294488991505,3368.310475995311,9.99,1
2022-01-31,11538.233523910401,465.41331919395327,3743.7730201199206,9.99,0
2022-02-01,14055.192419882409,428.7990250783049,3706.7255566186645,9.49,1
2022-02-02,12251.593622402228,594.9232714498605,3663.7020112835494,9.99,0
2022-02-03,11268.737220900306,1079.378728575879,3293.4440373186735,9.49,0
2022-02-04,13209.509594016836,499.74056610689564,4075.5068392255216,9.49,0
2022-02-05,11225.775701138711,889.1121461457491,3182.969245924934,9.99,1
2022-02-06,12714.255038918836,971.2529147612299,3748.540213839817,10.49,1
2022-02-07,10603.590510689693,419.46187719288577,3594.100738927661,9.99,0
2022-02-08,11292.020945123855,678.397663093248,3169.224164918048,9.99,0
2022-02-09,12873.072234547759,969.3329363530956,3058.6331199949877,10.49,0
2022-02-10,13469.72011897774,597.6604577513897,4915.707987796032,10.49,0
2022-02-11,12956.684209000941,607.1181384295747,4577.732302045526,9.49,0
2022-02-12,12722.731626298155,519.8003985251789,3170.688140336637,10.49,1
2022-02-13,12589.323968206658,426.51485227175954,4121.651093084594,9.99,1
2022-02-14,11462.919831453575,443.29048255947737,3187.388564160401,9.99,1
2022-02-15,12271.5612571746,368.79000950627875,3813.21198481791,9.49,0
2022-02-16,12579.663368448022,635.7998620742463,3921.011075041153,9.99,0
2022-02-17,14145.2380827116,553.2672579238517,4126.367524655319,9.49,0
2022-02-18,13478.449395361848,720.679652126242,3651.6519858153556,9.49,0
2022-02-19,11417.392703544938,259.69050593652145,3079.947284905352,9.99,1
2022-02-20,13548.990546059336,743.6255737458583,3606.6012060771795,10.49,1
2022-02-21,12883.155935095914,810.8635890765806,3449.0356764135518,10.49,0
2022-02-22,12633.492233382523,232.9274831548351,3756.4585249900792,9.99,0
2022-02-23,13963.097886011163,772.9662082700727,3831.0493712479724,10.49,0
2022-02-24,14422.247307896589,966.6461638894879,4667.700225225286,10.49,0
2022-02-25,14361.160915905735,476.1298420570457,5051.971352439685,9.99,1
2022-02-26,12628.091630764513,965.9190589057664,3498.4008685443323,9.49,1
2022-02-27,13194.3095330753,743.5192785269742,4077.9951101902784,9.99,1
2022-02-28,13869.772079037317,552.4862328001841,4410.774178862663,10.49,0
2022-03-01,14547.80462192595,716.2364155647564,4600.342522037422,9.99,1
2022-03-02,13125.590880292952,767.9449265189921,3975.654898045929,9.99,0
2022-03-03,13450.357755783856,687.7189660716751,4406.448535915018,9.99,0
2022-03-04,12559.671129503497,735.7347549644487,4009.0258151913777,9.99,0
2022-03-05,12498.51892760626,440.7912277644398,3130.724467118229,9.99,1
2022-03-06,14534.693777696883,760.6068536920598,4794.986165503701,9.49,1
2022-03-07,15104.566782339076,472.4854397359578,4975.015453335094,9.99,0
2022-03-08,13701.185828885948,662.8140791745574,3728.712696576493,10.49,0
2022-03-09,14800.303013277295,559.2336223709069,4459.059821706989,10.49,0
2022-03-10,14180.680412552998,561.9280321096967,4595.8686201714345,9.49,0
2022-03-11,13194.894722328969,906.963371158536,3853.8115069090095,10.49,0
2022-03-12,14221.072272299618,929.3156377338347,4802.810705572891,9.99,1
2022-03-13,15416.064381307704,892.6308432468206,5806.755561701992,9.99,1
2022-03-14,13859.239315766645,474.49941285381647,3764.778778412502,9.99,1
2022-03-15,15475.430953654084,710.4898577437439,3952.1069845193374,10.49,0
2022-03-16,11305.44712861402,807.8918964265378,3543.5434363866434,10.49,0
2022-03-17,14760.181831461725,766.3524743010672,4788.8358020015885,9.99,0
2022-03-18,14037.095395858269,1165.7206777892522,4095.6954318350963,10.49,0
2022-03-19,13661.492209594802,761.7381783586145,4825.077994538958,9.49,1
2022-03-20,14061.394705681007,741.4795585820567,3549.115511842677,9.99,1
2022-03-21,11989.884003594638,537.6709073392317,3943.4245125941966,9.99,0
2022-03-22,13764.286700626124,714.9225159877627,3826.3555998083903,9.99,0
2022-03-23,14346.266149740748,686.8193402109288,5163.568798025873,9.49,0
2022-03-24,15470.935146379448,915.1684926566905,5637.538220497894,10.49,0
2022-03-25,13477.35472901804,865.2081998098189,3659.8781248137375,9.49,1
2022-03-26,13188.4158736887,502.2229015828451,3681.74619415232,9.49,1
2022-03-27,13495.142578189752,408.510538197932,4478.3367169468265,9.99,1
2022-03-28,14911.003001543777,378.3090754565295,4279.735575568376,9.99,0
2022-03-29,14321.770439706745,817.686787367846,4273.825522945904,10.49,0
2022-03-30,13459.401387510647,452.29674814075764,4050.514626524399,9.99,0
2022-03-31,14497.302292245256,294.28699602176636,3389.3541095747487,9.49,0
2022-04-01,14074.724432107332,781.4519425115594,4215.498456585081,10.49,1
2022-04-02,14938.650955988904,1245.5324512860034,4136.731399764583,9.99,1
2022-04-03,13259.067867139247,661.7392110489836,3731.158948941888,9.49,1
2022-04-04,13623.339123246149,848.8651110526359,4808.817738708251,9.99,0
2022-04-05,13547.548681686814,693.7433057938538,3436.0111573664162,9.99,0
2022-04-06,12463.583188800212,603.401228801782,4145.677550014052,9.99,0
2022-04-07,14209.456467743741,894.2881199847408,4123.355475157217,9.99,0
2022-04-08,14159.437811399743,649.9169817322569,4107.951259172006,10.49,0
2022-04-09,13887.362705950785,747.8465981119199,4561.394759811091,10.49,1
2022-04-10,13630.361772615199,745.8576498699626,4259.134179069005,9.99,1
2022-04-11,12431.12386502369,487.9381025225748,4014.6436581168723,9.49,0
2022-04-12,13406.254634610113,868.7212016378103,4505.968720649465,10.49,0
2022-04-13,13463.464546213765,638.1812759716065,3873.385172272468,9.99,0
2022-04-14,12982.069254626373,497.9544308327497,3588.5024091340365,9.99,1
2022-04-15,13600.131718128085,787.308554620485,3537.464252159526,9.99,0
2022-04-16,14141.458208277594,527.3793140556722,3829.7321974938004,10.49,1
2022-04-17,15598.518235896274,785.5621432686394,6154.102683423244,9.99,1
2022-04-18,13860.786706021525,691.2155359722357,4780.575802174851,9.49,0
2022-04-19,13916.604392066303,913.0093327696309,3499.44413451588,9.99,0
2022-04-20,13556.43917093297,772.7616051226391,3405.7027729081055,10.49,0
2022-04-21,11682.948807035391,579.1420486027407,3745.817672969863,9.49,0
2022-04-22,13545.06324355147,840.806422017631,4337.151371754425,10.49,0
2022-04-23,13600.705327018406,958.076776154383,4354.653515764204,9.99,1
2022-04-24,15971.675290823625,910.1458258115538,4664.024690470238,9.99,1
2022-04-25,13283.109912751595,666.2260196062559,3922.2058438240283,9.49,1
2022-04-26,13743.15553611816,424.79053033587616,4286.886422915127,9.49,0
2022-04-27,13372.153732109362,455.58495399039367,4054.5926227794735,10.49,0
2022-04-28,12202.585525368944,549.0843353975138,2551.1254712369155,9.49,0
2022-04-29,14477.646330709747,601.9798761036309,4228.394083925327,9.99,0
2022-04-30,14049.499901244008,665.0807344651112,3789.1467532430456,9.99,1
2022-05-01,14050.547433028743,713.8573566308586,4302.769939362878,9.49,1
2022-05-02,12311.304128773776,721.503757310035,5186.020739933838,9.49,0
2022-05-03,14583.912026748381,715.0958457256008,4558.914440761667,9.99,0
2022-05-04,11738.965703939813,684.248613962231,3364.924868095745,10.49,0
2022-05-05,13686.6690335974,697.2283346418941,4566.901461067846,9.99,0
2022-05-06,15248.582373545845,367.33580540651803,4815.91865566836,9.99,0
2022-05-07,12025.248677074698,413.39535508998404,3817.62184834833,9.99,1
2022-05-08,12406.513073726623,591.508142542008,4025.3792187258223,9.99,1
2022-05-09,13028.87989419709,409.50504614163304,4936.935750673898,9.99,0
2022-05-10,12381.587170597932,739.0651045291374,3149.0319335164213,10.49,0
2022-05-11,11289.675160584682,870.6339244979736,3623.718586581132,9.99,0
2022-05-12,12863.643951630847,886.9345679210057,3395.902620498485,9.99,0
2022-05-13,11687.011647764633,541.6620082021901,3783.859817500514,9.49,0
2022-05-14,13176.659780735989,956.9782164067899,3493.6546784777493,10.49,1
2022-05-15,11736.938524821398,616.5804176814922,3312.398150643877,9.49,1
2022-05-16,14159.162010376751,640.5409062952297,4100.203645994072,9.49,0
2022-05-17,11778.434802856042,466.2412074346142,4021.4388005291667,9.99,0
2022-05-18,12191.709096188266,549.0915175117877,4116.739950827687,9.99,0
2022-05-19,13279.018924241323,586.3155825038205,3360.8469890492047,9.99,0
2022-05-20,11186.04376650178,593.3854328001865,3383.2801854504582,9.99,0
2022-05-21,12595.47652217053,661.8886223184994,3423.8530292765727,9.99,1
2022-05-22,13625.996952900568,681.9090516757113,3458.5466305325035,9.49,1
2022-05-23,10661.964778405385,620.4858728695392,3090.08090830943,10.49,0
2022-05-24,12404.459093135503,858.3522096140434,3567.096333712741,9.99,0
2022-05-25,12429.895956930968,811.4056249348132,4942.327030252051,9.99,1
2022-05-26,12901.862051305565,348.1135088752976,4087.0385280720175,9.99,0
2022-05-27,10832.98002772398,200.0,2561.0852579400753,9.49,0
2022-05-28,10699.258739357463,721.8269192157279,2927.390619721768,9.99,1
2022-05-29,12491.36214618995,351.1923676264133,4258.100291571684,9.99,1
2022-05-30,12216.058690634249,565.8498541531758,4709.038993625237,9.99,0
2022-05-31,12119.196130432,371.93720130972804,2842.767183010621,9.99,0
2022-06-01,12164.784205906833,247.8431227793377,2709.4730692025278,10.49,1
2022-06-02,11087.975071057986,662.691299193857,4261.8751090032865,9.99,0
2022-06-03,11949.975978535786,749.3298309873187,3779.7998822461877,10.49,0
2022-06-04,11960.603522744806,482.72809599189645,3154.0346908852584,9.99,1
2022-06-05,10903.102227737378,200.0,3538.2452113824306,9.49,1
2022-06-06,13433.292080373501,562.4157143681787,2712.113754603611,9.49,0
2022-06-07,11991.583177559793,677.939959958499,3599.162706566518,9.99,0
2022-06-08,10276.875573476802,218.06146491901438,3246.973258464583,9.49,0
2022-06-09,12075.384896443666,640.4412287780144,4084.7505387020146,9.49,0
2022-06-10,10395.052416143079,516.6906509725547,2611.5677486966547,10.49,0
2022-06-11,12107.999138338146,721.2582568371249,3675.243322203123,10.49,1
2022-06-12,12430.995157738114,645.4658315697365,3266.5862342916403,9.99,1
2022-06-13,10403.533712839959,325.5628974656869,3248.751991689146,9.49,0
2022-06-14,12139.766688029893,846.3026347343929,3194.256845227456,9.49,1
2022-06-15,11541.730597930242,545.3806152911181,3258.468759798962,9.49,0
2022-06-16,11903.979868318977,589.7380855139625,3073.2862631005783,9.99,0
2022-06-17,12932.119813393943,459.95239885505805,4205.204064930012,10.49,0
2022-06-18,10743.808890159713,448.53399426968366,3652.3682253762463,9.99,1
2022-06-19,10189.819834707776,332.5304489300087,2939.635665433626,9.49,1
2022-06-20,10008.91492952626,465.8565344916284,3021.7934763378917,9.99,0
2022-06-21,10038.032125165504,844.243302286744,2287.113930232879,9.99,0
2022-06-22,10732.718529176153,262.25569787253636,3069.9772347494522,9.99,0
2022-06-23,11107.539657790436,232.6647033141736,3307.159588816258,9.99,0
2022-06-24,11000.26012199903,844.2470715986733,4610.474582114696,9.99,0
2022-06-25,11508.572716243487,533.5639003818011,2896.5883019859643,9.49,1
2022-06-26,10652.87403746193,398.82915414111324,3927.9508306147973,9.49,1
2022-06-27,12052.575172856696,810.6096961220501,4114.201938589913,10.49,0
2022-06-28,10294.262920692501,393.59003808725225,3228.5970784528186,9.49,0
2022-06-29,13239.700411422884,1027.1869632805315,4851.220365524432,9.49,0
2022-06-30,11106.56571874781,690.9134602052443,3518.0224519277745,9.49,0
2022-07-01,9585.886046538108,381.71202069776484,3070.3454117953966,9.49,1
2022-07-02,9335.096571389771,898.2164712225892,2773.9686449081587,9.99,1
2022-07-03,10852.22896282329,421.4684635404968,3867.453130056301,10.49,1
2022-07-04,10110.904667960896,653.9643077999062,3581.5060172937106,9.99,0
2022-07-05,11013.843326035032,610.55068238305,2991.3143540624033,9.99,0
2022-07-06,10739.440973675213,797.3203065635203,2562.20869480318,9.99,0
2022-07-07,10160.640368760172,820.3342577833791,2946.701791930223,9.99,0
2022-07-08,9354.866789667049,474.14416929650577,2406.4407547012916,10.49,0
2022-07-09,8655.949275675623,282.1138897145445,2565.022495395009,10.49,1
2022-07-10,9694.381364435483,576.7134968095975,3527.0334766727146,9.49,1
2022-07-11,10968.377384219004,412.875795260529,3061.8623877223063,9.99,0
2022-07-12,10298.155266750495,917.5852128428494,3068.034889369361,9.99,0
2022-07-13,8811.424098389825,467.87827113603873,2672.4385969211453,10.49,0
2022-07-14,10204.480894157445,437.15973444545057,3485.5597093498754,9.99,1
2022-07-15,10391.807035862184,556.5264129660909,1994.0974437663526,10.49,0
2022-07-16,9098.890901807537,200.0,2426.317123159613,9.99,1
2022-07-17,10113.817047624785,311.36804467910895,3139.7869604271714,9.49,1
2022-07-18,9996.744636661491,739.9200134219597,3599.062869211878,9.99,0
2022-07-19,8775.124937391813,307.3773910753115,2386.586257464441,10.49,0
2022-07-20,10256.571730611871,303.4463899942057,2138.6951661626244,10.49,0
2022-07-21,10441.401830868197,629.4006420488671,3442.2762722435273,9.49,0
2022-07-22,10946.658759722517,784.4737689187252,2966.31643350394,9.99,0
2022-07-23,10901.570028588647,688.8691635624457,2675.6376790314134,9.99,1
2022-07-24,8455.441772544726,621.9816257883996,2224.459836906806,9.49,1
2022-07-25,8881.823904819963,292.73217752710605,2572.2844926180637,9.99,1
2022-07-26,10322.428067922721,231.75927004776736,2794.35608810771,9.49,0
2022-07-27,10310.13954091454,815.7737074368243,1990.2588337248278,10.49,0
2022-07-28,10301.589345791643,450.54349952115496,3539.009902181059,9.99,0
2022-07-29,13630.69830748031,631.3683120830061,4726.6470128834535,10.49,0
2022-07-30,10341.528836844125,782.7152702120178,3428.2196467229905,9.49,1
2022-07-31,10900.13054416751,656.2525290885076,2701.1963280378445,9.99,1
2022-08-01,10713.756478918698,626.8653783622565,3113.38117670185,9.49,1
2022-08-02,10407.606621843923,953.380800072413,3119.021328938448,9.49,0
2022-08-03,9438.684676391651,343.230587743554,3131.0025976984502,9.49,0
2022-08-04,10511.946077645085,711.1653294985017,3487.7540676525655,9.49,0
2022-08-05,8980.464890290628,460.42586949394837,2327.0525676979405,9.99,0
2022-08-06,9518.080416334027,529.6224765893529,2896.4219031069883,9.49,1
2022-08-07,9272.444853800826,769.3159279725476,3010.3736584478684,9.99,1
2022-08-08,9843.89659824606,593.7619811702277,3681.080140547201,9.99,0
2022-08-09,12082.203406570698,711.7693861384614,3976.9142918835705,10.49,0
2022-08-10,7907.113422452584,609.8571385845896,2766.6623704235344,10.49,0
2022-08-11,10468.786468797058,450.4487775312759,3182.5492546037976,9.99,0
2022-08-12,8179.27387568706,241.12176031655176,3159.01173530787,9.99,0
2022-08-13,9330.838493343605,257.58008586297353,3004.13294598283,9.49,1
2022-08-14,10903.819472178204,200.0,2840.6018865666756,10.49,1
2022-08-15,9892.565495184092,905.869700747269,3669.4546336178228,9.49,0
2022-08-16,8765.274985695309,217.62207614042885,2978.5341319781064,9.49,0
2022-08-17,9143.767051471626,412.93762785642696,2521.6081048772467,9.49,0
2022-08-18,10556.034660740965,472.43907305926416,2927.0639145226673,9.99,0
2022-08-19,9164.749451695658,519.718812146603,2897.7126080790777,9.49,0
2022-08-20,10131.564154801932,669.7256502479559,3271.0616440743715,9.99,1
2022-08-21,9981.973911096004,671.1933932267493,3093.2383061444043,9.49,1
2022-08-22,9307.401393427415,348.7545819575831,2947.8747547496673,9.99,0
2022-08-23,12126.844231207582,572.9178688030969,4488.031956650465,9.49,0
2022-08-24,10642.01129257949,588.6165547266344,3728.3749638912896,9.49,0
2022-08-25,8009.429967616924,350.73327314413683,2498.146785917589,10.49,1
2022-08-26,10248.78917082399,833.908573745198,3545.2920416309385,9.49,0
2022-08-27,9429.586009692594,569.6742908122799,2312.6138511440085,10.49,1
2022-08-28,10974.111482819946,695.6811313509609,3491.1969698193884,9.99,1
2022-08-29,9360.723319700974,600.6124197185312,3712.8701707768473,9.49,0
2022-08-30,10071.325391011003,738.2610410476152,2912.3746696071144,10.49,0
2022-08-31,10725.10982769861,572.4598031256719,2793.7159840000404,9.49,0
2022-09-01,11121.171932581135,296.69220703788744,3010.3071354778103,10.49,1
2022-09-02,9091.637984112233,534.51948955614,2182.674876562475,9.49,0
2022-09-03,9995.163723212887,369.48680740227854,2606.168162900014,10.49,1
2022-09-04,9893.652050059776,388.9592661530375,2782.8415657229184,9.49,1
2022-09-05,9755.390756203322,605.0423415611848,2223.8337172716756,9.99,0
2022-09-06,12215.474950168795,858.430361795167,3672.4516520254397,9.99,0
2022-09-07,10897.468586065577,549.1277446504912,3720.3791627129967,10.49,0
2022-09-08,9275.22136858931,525.5276709492582,2328.6883205033328,10.49,0
2022-09-09,11498.72433262559,915.3792055583272,4209.259261608561,10.49,0
2022-09-10,12748.90009201305,685.5956404983662,4080.066071867712,10.49,1
2022-09-11,11706.200449678172,1105.6466453199876,4027.15042771548,9.49,1
2022-09-12,9202.451152309946,573.2244867418061,2431.818068766915,9.49,0
2022-09-13,10286.751978913984,200.0,3513.288207207503,9.49,0
2022-09-14,12088.125034154737,755.0745759286433,3080.4705600487646,9.99,1
2022-09-15,10164.81858050017,584.4726060015641,3494.5693245683055,9.99,0
2022-09-16,11368.610931950454,826.3810974140719,3496.502949481902,9.99,0
2022-09-17,11752.740827787879,722.2733116433857,3802.4478583287555,9.49,1
2022-09-18,10105.48545798328,477.58307610240934,2443.848334582558,9.99,1
2022-09-19,11028.175248452224,306.54911516473805,2860.917653397365,9.49,0
2022-09-20,7902.674665639557,353.32908182477286,2669.416508818559,9.99,0
2022-09-21,10176.733277950976,338.7325730556889,2578.845981273192,9.99,0
2022-09-22,11006.64956808074,434.2277884430925,3533.5980164737834,9.99,0
2022-09-23,10070.429195252405,621.2371406467422,2337.5598553455984,9.99,0
2022-09-24,13010.495772902505,984.5056895154064,4327.235838204086,9.99,1
2022-09-25,10008.671807715866,579.3678963503895,2386.339884930505,9.49,1
2022-09-26,11060.332855207897,313.8400303533579,3594.2498254021307,9.99,0
2022-09-27,11693.495962449959,673.5953317665261,3820.864255557988,9.49,0
2022-09-28,13067.198694433968,892.6862320508287,3571.773699115403,9.99,0
2022-09-29,10254.00299328484,390.74356880036555,3367.214181527815,9.99,0
2022-09-30,12917.715758368005,619.0823545838167,4005.5358591771796,9.49,0
2022-10-01,11830.19612713411,594.447445302545,3279.6379100438635,9.49,1
2022-10-02,10904.566430433813,388.2486589052427,2767.09258709204,10.49,1
2022-10-03,12414.96797591579,750.4044855645614,2743.1775469384474,10.49,0
2022-10-04,12219.367173910063,586.7787289739468,3840.6351758228657,9.99,0
2022-10-05,11488.162998935133,658.3146387281622,2664.0475139995124,9.49,0
2022-10-06,12226.8593679289,433.844532836025,3715.729910099324,9.49,0
2022-10-07,11841.001424204247,504.55841114553033,3420.5763192201493,9.99,0
2022-10-08,12409.645502943851,764.9585467127469,4062.465038602253,10.49,1
2022-10-09,13028.602190534346,576.863479108364,3757.557907415371,9.49,1
2022-10-10,14023.336502407241,1046.5595953670431,4042.2770575486265,9.99,0
2022-10-11,11270.831538048618,483.6143397795105,3747.184813558733,9.49,0
2022-10-12,14713.461100412324,780.6100001709933,4581.567344665756,10.49,0
2022-10-13,10700.54791210221,721.5455619797285,3368.2423522220524,9.99,0
2022-10-14,12573.459670427568,344.99983693477213,4006.6716960325334,9.99,1
2022-10-15,13386.545688522441,317.16552202996695,3248.1776449531794,9.99,1
2022-10-16,13152.552159236682,352.4963450478152,4324.159987764495,9.99,1
2022-10-17,12322.513951246889,868.6425182477809,4002.9885823808672,9.49,0
2022-10-18,12811.038906392281,530.1803161411248,3334.9701076294355,9.49,0
2022-10-19,12600.375420507564,1141.6586281590287,3658.0723893151685,10.49,0
2022-10-20,12578.467198456574,516.073840191351,3753.8865157231567,10.49,0
2022-10-21,14092.102837932396,741.5154025360273,4160.3824591788525,10.49,0
2022-10-22,13674.370887455701,992.1405348863602,4269.241249520977,9.99,1
2022-10-23,12699.458950003482,1036.1915251319988,4525.521075916637,10.49,1
2022-10-24,14367.112586158599,1130.6563446352097,4851.017139683993,9.49,0
2022-10-25,13850.059899678088,934.1762411025329,3498.908373187723,9.99,1
2022-10-26,14430.946103783248,926.3598103514549,4640.3188262879985,9.99,0
2022-10-27,14323.084773164632,834.6596284984682,4961.392091717094,9.99,0
2022-10-28,12939.853587617865,802.6648946142209,4075.360336629961,9.99,0
2022-10-29,13284.053318388247,553.9655226537058,4530.706208109457,9.49,1
2022-10-30,14666.87919127911,569.704182879494,5406.198980234116,9.99,1
2022-10-31,14605.244936636642,729.5873553496417,4893.428254044484,10.49,0
2022-11-01,14049.172437017654,668.4216973458971,4339.406028926161,9.99,1
2022-11-02,14262.483505477248,622.4785654084073,4801.289288685552,9.49,0
2022-11-03,15497.758348752039,914.1654069289451,4721.771421174057,9.49,0
2022-11-04,13703.287206334518,876.2254020308281,4122.937683542833,9.49,0
2022-11-05,14916.521577415453,763.5074561291422,4299.249355367769,9.49,1
2022-11-06,14241.570338883042,1007.5845331552046,5054.177781080967,9.99,1
2022-11-07,14300.166611936438,486.67050777012093,3880.835650609931,9.99,0
2022-11-08,15690.428466137586,745.7895314509357,5473.312402180333,9.99,0
2022-11-09,15490.563807102468,631.1637262345624,4897.101204000926,9.99,0
2022-11-10,15551.818188198384,404.2835859953073,3965.8923690585443,10.49,0
2022-11-11,16116.587055773978,789.2932156201591,5018.800763227904,9.49,0
2022-11-12,14904.52390001772,720.8766933242293,3421.343916179504,9.99,1
2022-11-13,15637.470634217281,1084.5634803592902,5003.995198680702,10.49,1
2022-11-14,14716.808169054164,862.0027453636637,4857.658192210744,9.49,1
2022-11-15,15422.332255936002,566.2792479309592,4330.5216989547735,9.49,0
2022-11-16,15038.621803710415,1122.7496034523585,4573.360389090915,10.49,0
2022-11-17,15335.842232465671,1010.9988507283542,5577.831386614845,9.99,0
2022-11-18,15903.541862394011,911.5966338134238,4518.189206587234,9.99,0
2022-11-19,14559.134827126883,682.6599215863778,3838.2866546097644,9.49,1
2022-11-20,17538.120756711683,685.0181904908884,6002.267928244804,9.99,1
2022-11-21,14507.476821211314,650.9324858463551,5333.536641628791,9.99,0
2022-11-22,14366.424787580921,936.0709633198833,4311.7752721982,9.49,0
2022-11-23,16805.177954316317,1217.1761589027376,5547.284903999073,9.99,0
2022-11-24,16504.494237238818,1133.8734175163786,5622.086228937085,9.49,0
2022-11-25,16402.00320684005,722.3302759847478,4549.358845782824,9.99,1
2022-11-26,16470.545044755403,599.603765579968,4698.510595742687,9.49,1
2022-11-27,15893.510445918673,822.8527716781745,5383.490390352969,9.49,1
2022-11-28,15071.279639747312,399.8761088747953,5363.891031278448,9.49,0
2022-11-29,16106.312385805466,869.9491621272297,5113.334145828817,9.49,0
2022-11-30,15414.495223906792,741.2042439356059,4184.4413904210105,10.49,0
2022-12-01,17127.07969793799,763.146684523251,6131.654465231117,9.49,1
2022-12-02,16064.338535016568,484.2763132974693,4553.816111598988,9.99,0
2022-12-03,15444.446977188098,874.9423701733483,4465.765202570703,9.49,1
2022-12-04,16006.198667841154,693.7697654596755,4973.028517597157,9.99,1
2022-12-05,16797.22854883226,605.8780602995555,5816.248775007065,10.49,0
2022-12-06,15876.337955482493,219.36445511779493,5189.889374920859,9.49,0
2022-12-07,15672.641350389526,778.1290865093491,4909.225155297812,10.49,0
2022-12-08,16792.363438833272,1194.0684912756124,5269.353296709035,9.49,0
2022-12-09,16846.454375995094,1174.5745617093287,5075.693647120261,9.99,0
2022-12-10,16146.335596304396,715.8975284979655,5122.970436150572,9.99,1
2022-12-11,16232.99356359566,691.207266107427,3605.118030231547,10.49,1
2022-12-12,16985.780232367983,943.0438628334039,4947.430340175495,9.99,0
2022-12-13,15354.273368461716,568.0365805854276,4726.942977996905,9.99,0
2022-12-14,15442.434471142602,832.4801035210234,4057.2232995330273,9.49,1
2022-12-15,16177.892289434143,962.1106701486452,5046.529345736023,9.49,0
2022-12-16,16728.210447044323,1081.7971671290777,4916.227523620236,10.49,0
2022-12-17,17296.754659469334,844.8069176774761,6066.764246998546,9.99,1
2022-12-18,18504.247294307334,884.4776146799735,6337.784050899629,9.99,1
2022-12-19,17928.435757040974,720.8252705007366,5145.62794255321,9.99,0
2022-12-20,16951.55082716681,682.2014705503685,5010.046392366696,9.99,0
2022-12-21,17132.002148006817,811.3043290200355,5102.626861597849,10.49,0
2022-12-22,16186.821894523611,882.8141960894162,4630.216830277272,9.99,0
2022-12-23,17207.963585400754,1043.1151045166876,5259.90156763429,9.99,0
2022-12-24,16973.725288699028,688.0504742988825,4712.976552165913,10.49,1
2022-12-25,17619.781158451107,1179.5267717144598,4720.626680066569,9.49,1
2022-12-26,16503.272049371484,770.9388822600605,5262.33722676158,9.49,0
2022-12-27,17882.04243039683,889.8286626501542,5679.377521229954,9.99,0
2022-12-28,18926.371633010578,796.8762458209642,5275.753610073177,9.49,0
2022-12-29,17314.545160118323,380.87920595132783,5642.041263416797,9.99,0
2022-12-30,17853.41786350241,1069.4799724473305,5040.236494468057,10.49,0
2022-12-31,18168.972228515202,1055.8173908442468,5577.274287573551,9.99,1
2023-01-01,17103.444703034886,798.9067237281016,5541.205417216694,9.99,1
2023-01-02,17753.303582360604,901.0633225630046,5309.184792356325,10.49,0
2023-01-03,17565.05312649677,981.4404998656584,5496.886394019598,9.99,0
2023-01-04,17672.085430535466,571.0951001494648,5043.410807216854,9.99,0
2023-01-05,16822.042988703404,735.2916139659113,4948.3796048969725,9.99,0
2023-01-06,17638.897648328446,1040.797818340788,5188.739579058363,10.49,0
2023-01-07,18130.408729415936,655.6625518369469,5065.833445554662,9.99,1
2023-01-08,19100.262850640305,1013.7247289653411,5641.6917736342,9.99,1
2023-01-09,18623.78286955815,659.8727825532264,4812.825711435571,10.49,0
2023-01-10,19831.770031150285,1084.8744980442195,5703.954135774033,9.99,0
2023-01-11,16923.997582802298,839.0715826806182,4934.761528155854,9.99,0
2023-01-12,18575.105287760878,605.728901206942,5444.441710080573,10.49,0
2023-01-13,17896.2485659514,1127.7602991890044,5248.12584685003,9.99,0
2023-01-14,19911.514855856953,848.6574274332379,5942.572356827021,9.99,1
2023-01-15,16920.9040808387,683.9947166390589,5315.991983294642,10.49,1
2023-01-16,16895.658254300255,884.8967521612013,5505.956013356337,9.99,0
2023-01-17,17140.855250421322,1086.770232406809,4817.373961702263,9.99,0
2023-01-18,15619.9133979393,577.8313061012856,4084.3735916872174,10.49,0
2023-01-19,17220.312685916295,873.3516042654092,4645.071599653336,10.49,0
2023-01-20,16987.895494655117,935.1580747988705,4852.7671877990715,9.99,0
2023-01-21,17897.089329216044,1033.475587913431,5193.166139856558,9.49,1
2023-01-22,18086.831485748953,939.6298853428927,5041.051412625958,9.99,1
2023-01-23,19618.345105549204,907.5116874607959,5237.445199539814,9.99,0
2023-01-24,18688.42242135831,768.9030769381716,5378.466312670399,9.99,0
2023-01-25,17155.652136118184,875.0113834151842,5237.408950892441,9.99,1
2023-01-26,16827.43910882488,626.9441530441228,5345.746465565247,9.99,0
2023-01-27,18209.820161128973,326.22091135752714,5184.234521784531,9.99,0
2023-01-28,16388.473203928348,906.7356210279511,4710.043050106788,9.49,1
2023-01-29,19529.738346426115,1157.2738855385448,5395.572349504178,9.99,1
2023-01-30,18866.07069703928,470.71704774359625,5644.1016239243945,9.99,0
2023-01-31,17204.59436089061,658.283577102543,4737.163991171776,9.49,0
2023-02-01,15946.574508637126,921.1595776328959,5070.536259211738,9.49,1
2023-02-02,18998.33169922473,1361.4156789035765,4806.566263800363,9.99,0
2023-02-03,17513.4932265695,879.8334028635566,5074.233131744619,9.99,0
2023-02-04,18848.25930375346,796.8123769418462,5805.031460721909,9.49,1
2023-02-05,15997.27465124695,763.2844443413795,4891.099653535337,10.49,1
2023-02-06,16972.449734294772,1123.5977705443756,6438.25175227868,9.99,0
2023-02-07,17556.068263263664,748.6105773382761,5441.720491263052,10.49,0
2023-02-08,17575.697046089783,718.9464509744384,4770.681815405929,9.99,0
2023-02-09,17055.450162281082,756.2238036776477,5068.902925139789,9.99,0
2023-02-10,18104.087730469288,714.538664871722,4543.103152407561,10.49,0
2023-02-11,16388.27867950088,843.9479971740031,4876.183729201883,9.99,1
2023-02-12,17287.136710600073,1189.2925272239158,4769.612984679642,9.99,1
2023-02-13,17522.401778418833,940.7359435441475,5714.41567130573,9.49,0
2023-02-14,17888.12533585784,843.9355663676345,5091.667463459585,9.99,1
2023-02-15,18055.890122226774,844.4322523282299,5358.384078770409,9.49,0
2023-02-16,16189.248700805441,496.8242733009407,4538.995689539431,9.49,0
2023-02-17,15748.437823087013,964.0438465837826,5593.957022852769,9.49,0
2023-02-18,18527.95493538847,910.8303073668632,5397.765097557584,9.49,1
2023-02-19,17549.40284028105,841.3741592959275,6181.099373823917,10.49,1
2023-02-20,16434.5176805536,1460.3473975966522,5337.431185225213,9.49,0
2023-02-21,18699.19672766649,994.7104180564619,5850.792381967641,9.99,0
2023-02-22,17227.905924303814,711.0370861961538,5352.738350949904,10.49,0
2023-02-23,18254.882246599445,827.4725930888636,5673.3633230879595,9.99,0
2023-02-24,17105.64614884051,1084.9714492813766,4167.857554979349,9.49,0
2023-02-25,19060.628983688413,975.6855312919736,5578.746998031145,9.99,1
2023-02-26,18716.20837997079,648.1548233350663,6037.441499583399,9.99,1
2023-02-27,16672.145592933273,1017.4530665617044,4977.195086142929,9.99,0
2023-02-28,17852.201586241856,758.981262204294,4653.065552470769,9.99,0
2023-03-01,17484.829450483343,1248.9010277676762,5219.246609856268,10.49,1
2023-03-02,18166.23348421111,1124.321287353485,6301.922803391078,9.99,0
2023-03-03,15790.176336808681,700.0444377086839,5360.498758809964,9.99,0
2023-03-04,17398.022743617417,1126.1044095278935,5188.4048184022095,9.99,1
2023-03-05,17726.665318021056,899.9043680065336,5793.724233935361,9.49,1
2023-03-06,14865.19366389604,913.814418219246,4276.304588984786,10.49,0
2023-03-07,15395.814692283126,866.7372980730513,3766.8086142715783,9.49,0
2023-03-08,14494.454023833152,555.451370193483,3886.1032130851677,9.99,0
2023-03-09,16218.390743911054,682.2095707320603,5646.9616074274145,10.49,0
2023-03-10,17158.975249529525,1063.9409259927086,5010.696033944205,9.99,0
2023-03-11,17896.975367441515,827.8937019507676,5247.400620544946,9.99,1
2023-03-12,16421.474388984974,740.3440268008494,4776.523218558052,9.99,1
2023-03-13,17928.35867064104,705.3934176621814,6330.5758959788145,10.49,0
2023-03-14,14871.633833090445,828.3015047732144,5274.4696076081655,9.99,1
2023-03-15,14500.000257521337,1137.504996724696,5459.390193980467,10.49,0
2023-03-16,16099.164383966885,591.4516363474897,4750.22670999004,9.49,0
2023-03-17,16489.815779012635,829.3346802851834,5094.756978077337,9.99,0
2023-03-18,16023.829699135016,1083.6355960398366,4048.8276350301094,10.49,1
2023-03-19,13939.61945906362,681.052694704038,4920.353050778223,9.49,1
2023-03-20,15868.268855088167,883.8878020043552,4176.590880892482,9.99,0
2023-03-21,14603.064274289502,517.6745080850992,4489.307064168164,9.49,0
2023-03-22,16527.196149751075,912.0212269290835,4409.5075811089,9.99,0
2023-03-23,16173.984088440513,771.270351421116,4557.761813162805,9.99,0
2023-03-24,14817.26823815381,938.0094110436631,4026.549255921293,9.99,0
2023-03-25,15192.970799378312,997.1257502818659,4253.953609475585,9.49,1
2023-03-26,14597.26899838723,1247.7761783230842,4109.61934794168,9.49,1
2023-03-27,15543.430958845025,893.0981825849665,4388.894890190969,9.49,0
2023-03-28,16510.89027328263,890.7037769805648,5369.934037874942,9.99,0
2023-03-29,14519.697787918369,764.8617497113856,3803.47793984425,9.99,0
2023-03-30,15959.21182335257,727.3273326054908,4898.034260512704,10.49,0
2023-03-31,14874.742333631475,811.433885373912,5071.402276242222,9.99,0
2023-04-01,14562.082472043325,669.0238415743604,4112.026559356299,9.99,1
2023-04-02,15198.02848929469,793.5936197186574,4200.449101414606,10.49,1
2023-04-03,14220.095683813879,974.5242913122859,4150.766392554038,9.99,0
2023-04-04,14652.17081215132,531.3000275516379,4985.513847825751,10.49,0
2023-04-05,13958.654543525961,925.9084394021072,4284.650178534467,9.99,0
2023-04-06,17072.227246923325,1117.0343758141394,4856.061026773198,9.49,0
2023-04-07,15094.019741996708,731.0872817016196,4770.144248193033,9.49,0
2023-04-08,14310.596070071882,291.15882370187524,3742.032746103353,9.99,1
2023-04-09,15176.204965975545,637.2458508798908,4893.5412450141375,9.49,1
2023-04-10,14802.165200436099,999.5071693340269,4644.953213981714,9.99,0
2023-04-11,14646.183031515257,727.7355391159864,4239.950673885135,9.99,0
2023-04-12,15434.396194503146,571.8593632661753,4211.025959127328,9.99,0
2023-04-13,15531.257663434513,675.6078989260823,4216.036837888625,9.99,0
2023-04-14,14197.238778346618,877.9859442182415,4526.5803016769405,9.49,1
2023-04-15,14106.406883363215,814.6670578084367,4846.412316253495,9.99,1
2023-04-16,14362.179344641418,670.322547398132,3989.9999298780276,9.99,1
2023-04-17,12290.861780044652,541.178206639295,3916.4518857891376,10.49,0
2023-04-18,13033.714796351676,573.3341100088195,2866.600929604468,9.99,0
2023-04-19,15872.498825246215,609.1429043626104,4469.440782245265,10.49,0
2023-04-20,16107.931268967282,1128.4717013422526,4816.849914254734,9.99,0
2023-04-21,14171.911052380736,644.1314587767689,3796.7316072233034,9.99,0
2023-04-22,14956.156087476982,991.2395085389485,4018.5936388482965,9.49,1
2023-04-23,14650.193470954267,1036.7728839322037,4061.168263051837,9.99,1
2023-04-24,17377.883835742672,1068.5563714167256,5359.461514885988,9.99,0
2023-04-25,15379.37621349373,682.6447481310769,4520.148354844931,9.99,1
2023-04-26,14093.44326975381,785.4181815550124,3108.917364263657,9.99,0
2023-04-27,13228.163650240265,656.5690612338301,2908.099018754546,9.99,0
2023-04-28,12540.40671232956,446.27996347045246,3458.6894247702803,9.99,0
2023-04-29,14314.293010049041,780.5865068467726,4523.131196041489,9.99,1
2023-04-30,13319.303694517836,430.1572264939314,2622.0386869927333,9.49,1
2023-05-01,12619.095471128192,868.4906512487224,3535.8635532626417,10.49,1
2023-05-02,13361.36128188335,575.1446046344889,3745.284456306294,9.49,0
2023-05-03,12893.881570418402,684.926009695488,4562.333360229744,9.49,0
2023-05-04,15630.99681754204,838.2074151863304,4496.78813940618,9.99,0
2023-05-05,14794.87011771065,687.9625111447172,4629.955527683659,9.99,0
2023-05-06,13875.601419708895,811.1188312804998,4233.3089959564,9.99,1
2023-05-07,15334.848948735338,671.7617161122621,3535.1714447170007,9.49,1
2023-05-08,13904.609007776524,869.4899098802751,4555.486310648826,9.99,0
2023-05-09,12939.31518183236,377.7698230422684,3989.4928072778516,9.99,0
2023-05-10,15298.122138115146,790.1820228150398,4843.570961271839,10.49,0
2023-05-11,14289.363521835914,1102.2539759034526,6249.927909768937,10.49,0
2023-05-12,12689.735761424838,434.420523150127,2764.864258678157,9.99,0
2023-05-13,13514.260504787806,540.1640311344202,4916.626476316896,9.99,1
2023-05-14,12807.702356959106,743.1666877797384,3698.5869473875537,9.99,1
2023-05-15,12280.361312907125,649.9344220332758,3827.772846073642,9.49,0
2023-05-16,14570.312385036601,798.641639106542,4348.337592860359,9.99,0
2023-05-17,15535.672487806478,874.6210504198566,4448.583579642922,9.99,0
2023-05-18,12210.969851591832,737.4927862919457,3378.37449135817,10.49,0
2023-05-19,14156.961650551702,929.7880509188298,4411.842862952015,9.49,0
2023-05-20,12928.99057014185,728.413259892795,3120.1103227067156,9.99,1
2023-05-21,13079.346023459448,605.7157702492639,4299.093390798717,9.99,1
2023-05-22,12962.124572950936,782.620968888093,3680.5401694426537,9.99,0
2023-05-23,12679.794387814034,1013.9661063697448,3238.903646824031,9.49,0
2023-05-24,13582.803228577784,652.6134121523746,3849.834539575428,10.49,0
2023-05-25,12695.067382369238,439.8475081843336,4437.094823142057,9.99,1
2023-05-26,13789.458805315659,910.8890741231776,3869.170098086586,9.99,0
2023-05-27,13463.005512466969,649.0740428326288,4218.1284628449,9.49,1
2023-05-28,13269.802405718436,228.95621108311462,3615.4625838577936,9.99,1
2023-05-29,12597.966280284712,799.38264944432,4158.350809047223,9.99,0
2023-05-30,12926.817672194582,539.2752464189447,4220.799171053476,9.49,0
2023-05-31,14258.325209144277,694.8096039963817,5201.801979391489,9.49,0
2023-06-01,14004.487856053069,766.6204589164564,4113.564384066312,10.49,1
2023-06-02,12527.949030200678,664.4973874658473,4092.712111439156,9.49,0
2023-06-03,13608.071755543271,822.2939512049714,4131.455296432454,9.49,1
2023-06-04,14264.667392365202,626.1360955042915,4927.336108641067,9.99,1
2023-06-05,11849.724952082048,695.107407239319,3195.5012918202488,9.99,0
2023-06-06,14069.652461497464,651.5732875580898,4593.3983948878795,9.49,0
2023-06-07,12872.144967684999,791.3693445617505,3764.2948422471586,9.99,0
2023-06-08,14115.160046720772,828.8314991386493,4202.453925461983,9.49,0
2023-06-09,12792.41226116001,452.5328726490815,3883.5999205721896,9.49,0
2023-06-10,11763.217359971553,805.3572912335842,3655.0854062048047,9.49,1
2023-06-11,11954.303105241048,490.5224662392429,3528.176410011335,10.49,1
2023-06-12,13644.994068923823,843.8612631024203,4200.85481226241,9.49,0
2023-06-13,13873.011578005862,767.1080415805612,4950.962502182851,9.49,0
2023-06-14,12726.667079950177,1003.9700893565333,4310.724966792663,9.99,1
2023-06-15,14288.58318959293,669.7359630052761,4721.152253126326,10.49,0
2023-06-16,12008.787236919532,530.5760026223371,3374.866408063924,9.49,0
2023-06-17,13625.850181780112,677.4085879114591,3643.134640419871,9.99,1
2023-06-18,12503.838571163655,564.5559719913277,4228.801850467973,9.49,1
2023-06-19,13087.240987174911,814.3504297471557,4364.19569241737,9.99,0
2023-06-20,13811.990478098425,367.3374022176037,4879.932481305018,9.99,0
2023-06-21,12930.979827428753,435.8125075421669,3577.303635244011,9.99,0
2023-06-22,13434.919429591517,458.18538716373735,3915.7015011972812,9.99,0
2023-06-23,14855.123117813759,932.8176742854031,3636.7948540814104,9.99,0
2023-06-24,13302.559926459953,1007.2506708393828,3794.5324249075493,9.49,1
2023-06-25,14747.023590671199,716.4613358260657,4922.392332491083,9.99,1
2023-06-26,12814.753991636966,606.9733549438462,3611.178507876991,9.49,0
2023-06-27,14508.635017722501,739.4421835087613,4672.830402917161,9.99,0
2023-06-28,15456.00047547284,1005.17568429528,4541.548589642945,10.49,0
2023-06-29,11579.609245993694,393.50983546156993,3635.911287908888,10.49,0
2023-06-30,13292.390576647787,712.2933253793465,3413.8714780865025,10.49,0
2023-07-01,14705.589026663061,930.3189772896391,4454.281432815869,9.99,1
2023-07-02,13965.889822056068,798.5133250907725,2694.1989611664585,9.99,1
2023-07-03,14581.674369592241,767.0000417993608,4281.05423179668,9.49,0
2023-07-04,13649.298799140504,882.6741584704536,3279.553017884581,9.99,0
2023-07-05,14383.778175855676,200.0,4918.13071103011,9.99,0
2023-07-06,14186.550674993628,844.902597655863,4644.668878880344,9.99,0
2023-07-07,15556.170321378588,646.9933794434446,4900.186587396616,9.99,0
2023-07-08,14690.075495084588,368.37719538293805,5167.525762105066,9.49,1
2023-07-09,14821.614478099606,843.3212438099765,3972.0260830174634,9.99,1
2023-07-10,14121.567036517203,980.8100608584517,5110.15170991294,10.49,0
2023-07-11,14096.328765427279,677.3267353458256,4694.994411758376,9.49,0
2023-07-12,14202.909901455947,900.7204045133851,4142.5953268273115,9.99,0
2023-07-13,15082.478299148257,1076.579566555142,5092.55356333595,10.49,0
2023-07-14,14320.607115630663,979.0132464983427,3743.0353784833815,9.99,1
2023-07-15,15085.921227078776,1082.2889672282174,4113.519287359796,9.99,1
2023-07-16,16927.07280379486,994.7791384041216,4773.826979518608,9.49,1
2023-07-17,15779.274305406509,804.050443050644,4469.293437589944,9.99,0
2023-07-18,14639.5363108547,411.58365316330134,3863.582071876284,10.49,0
2023-07-19,16225.096923049314,762.042348526476,5479.070610462457,9.99,0
2023-07-20,14675.023574030834,565.1018596383035,4273.079872024335,9.99,0
2023-07-21,13105.062625574885,1089.441674778307,4107.771271850905,9.49,0
2023-07-22,14196.04042705437,674.6248588662512,3973.63644490947,9.49,1
2023-07-23,13395.104479609636,694.3961853373789,3108.2296936086323,10.49,1
2023-07-24,14976.961021918114,859.1451263039992,4628.116985771146,9.99,0
2023-07-25,15410.257435147234,779.2333610318525,3666.949742834281,9.99,1
2023-07-26,17132.405019383415,1195.6304590553214,5105.40448277229,9.49,0
2023-07-27,15847.7651539335,667.8583853497846,4070.1720267636447,9.99,0
2023-07-28,15367.325741336157,807.2877781142564,5603.835722016251,10.49,0
2023-07-29,16482.11543757516,675.6116547391484,5400.315992359909,9.99,1
2023-07-30,13508.529603856921,411.421977948705,4105.435776792816,9.49,1
2023-07-31,16022.882076608004,678.7902856493431,5438.717961809735,9.99,0
2023-08-01,16626.3586616071,823.9105736706726,4564.749609749262,9.99,1
2023-08-02,14445.73203529628,636.426156861362,4605.45929992393,9.99,0
2023-08-03,17137.471259203612,718.3893669854094,5241.146594620441,10.49,0
2023-08-04,16402.1616851566,538.8445915234632,5052.658546213815,9.99,0
2023-08-05,15718.849316085132,769.3213512785178,5351.8315448789235,10.49,1
2023-08-06,16837.889472808292,540.9503988342142,5417.612893232389,9.99,1
2023-08-07,18547.243580358656,1079.3733717558534,5708.534905520108,9.49,0
2023-08-08,16530.30693964002,843.0032975689018,4131.648363777857,9.99,0
2023-08-09,16668.97198979439,541.9382995967335,4520.668449298585,9.49,0
2023-08-10,16034.095705596023,739.8629698698285,4748.874244880944,10.49,0
2023-08-11,15716.68547256588,635.4029925101773,4761.691828908089,9.99,0
2023-08-12,17470.28032154223,937.3489181609475,4675.982234125707,9.99,1
2023-08-13,15857.590008939362,1060.969589651597,5963.1153404710185,9.99,1
2023-08-14,16859.25717135724,467.92836463871305,5815.9741790339585,9.49,1
2023-08-15,16384.311332222336,842.2207824406003,5216.352559862942,9.99,0
2023-08-16,17415.460056701566,838.7464437217503,5260.656447652342,9.99,0
2023-08-17,17344.860154247308,1001.5110230024585,5097.353561323616,9.49,0
2023-08-18,18123.63484551026,948.8210679230508,4961.13122364196,9.99,0
2023-08-19,16651.12697856435,682.1624825804537,5034.078352828737,9.49,1
2023-08-20,16966.441065136933,784.511266123523,5218.808589612455,9.99,1
2023-08-21,16332.8215229276,657.4359047856822,4278.966169137467,9.99,0
2023-08-22,16942.630258156372,1062.3329406275384,5249.87728606936,9.49,0
2023-08-23,17839.60372768315,896.242516118546,5274.251593892571,10.49,0
2023-08-24,18294.68538200705,1294.972406250954,4534.501835663419,9.49,0
2023-08-25,16690.911157589886,822.4133951165702,4577.080841887215,9.49,1
2023-08-26,18558.02068139575,786.2196806876949,5360.603437707902,9.49,1
2023-08-27,19119.32185837465,653.2232143961671,6679.640386182489,9.99,1
2023-08-28,18252.291525804598,551.9866410390409,5753.964020008259,9.99,0
2023-08-29,19790.700911305703,672.7078569641872,5269.469488841765,9.99,0
2023-08-30,17215.012751936065,914.1759677990999,5407.521970289638,9.49,0
2023-08-31,16818.86506573341,942.6882579326574,4272.00752525084,9.49,0
2023-09-01,16359.310972108266,501.72740819898667,5449.138818576017,9.99,1
2023-09-02,19708.35337735133,1164.4253316827896,5676.94368729646,10.49,1
2023-09-03,18940.691821505825,850.4223807386034,5635.389452082162,10.49,1
2023-09-04,18304.470824091564,944.5821436016881,6154.239570998565,9.49,0
2023-09-05,18713.438784289145,1258.1160648655423,4970.449850994618,9.99,0
2023-09-06,17381.054347565358,1048.4205805513743,4515.757211713111,10.49,0
2023-09-07,21025.000576122766,997.5438992249718,6015.700509663828,9.99,0
2023-09-08,18780.780497393698,760.8005797866274,6153.423574727768,10.49,0
2023-09-09,18832.84407205063,511.2791233366705,4890.180183876768,9.49,1
2023-09-10,19520.659017196685,832.2022870113502,4440.1199061037205,10.49,1
2023-09-11,19346.872001750777,925.117552322,5578.482171320734,9.99,0
2023-09-12,19160.21874661694,760.5750319006104,6023.936023940542,10.49,0
2023-09-13,18215.808328558,884.5390230094391,6064.873373436814,9.99,0
2023-09-14,19547.150076059872,992.7278803947472,5632.564341775262,9.99,1
2023-09-15,21026.531028754896,1006.3553550761292,6102.246005068468,10.49,0
2023-09-16,20558.15252765554,897.9071102180852,6744.396125424535,9.49,1
2023-09-17,20873.521713774586,1077.4070200820747,5327.185664284666,9.99,1
2023-09-18,18836.074467177143,1030.191853272739,5456.561952561638,9.99,0
2023-09-19,18423.968909596395,703.1186299912506,5622.402617841447,9.99,0
2023-09-20,19353.375299731015,1249.8552409358049,6030.621950561822,10.49,0
2023-09-21,19599.75720518056,960.2702338021755,5625.023814958726,9.49,0
2023-09-22,20702.352462513263,1038.8875477146328,6227.9262446069,9.99,0
2023-09-23,17979.060864325755,1040.5959278675994,4149.554582591231,9.99,1
2023-09-24,21263.65391882512,1109.8259221939563,6049.971969480611,9.49,1
2023-09-25,19637.86536344924,1172.5205949551112,6118.113965312005,9.99,1
2023-09-26,19429.931769299837,1028.9214215053566,5337.832513662612,9.49,0
2023-09-27,18904.796677687445,822.7523589562848,5700.931114101032,9.99,0
2023-09-28,18321.26032724886,988.3637214036634,5719.8143485760065,10.49,0
2023-09-29,20857.61074093937,814.1352955828362,6086.008621852928,9.99,0
2023-09-30,20165.168365213583,1029.970359415984,6134.78239506236,9.99,1
2023-10-01,18858.367095109523,936.272356626584,5176.14384589055,10.49,1
2023-10-02,18908.774857754022,903.8153714331933,5569.326817478183,9.99,0
2023-10-03,19922.623704258946,970.4236829251612,6281.895196072295,10.49,0
2023-10-04,21980.995368519434,722.6799593264438,6672.7850910400475,9.99,0
2023-10-05,20104.940559360828,895.5020464198492,5738.216533026281,10.49,0
2023-10-06,18912.92205738212,964.2150830973289,5785.984819360032,9.49,0
2023-10-07,20220.81293327439,1043.0119250631997,6423.5487753006255,10.49,1
2023-10-08,20243.264614227923,806.6282025262045,5048.008744979637,9.49,1
2023-10-09,17867.45870527505,1146.5145034366926,5939.774644060463,9.99,0
2023-10-10,20557.316873763408,854.6308740452703,5999.067692788487,9.99,0
2023-10-11,20426.83755940562,1215.2333180756284,6340.796234441801,9.99,0
2023-10-12,21399.01797643064,1155.3897711958691,7018.328854751806,9.99,0
2023-10-13,22595.672109089017,1000.5381434856904,6092.864784111472,9.99,0
2023-10-14,21916.036533326824,1450.8640051882435,6220.090458784274,9.99,1
2023-10-15,20562.176101346107,789.3814387160094,6024.37848246598,9.49,1
2023-10-16,19764.957191775804,1172.0786943107905,5537.610396970526,9.49,0
2023-10-17,23484.0739711316,1374.3201621651756,7912.690479257884,9.49,0
2023-10-18,21007.964687893505,916.2741925793463,5874.003359454656,9.99,0
2023-10-19,20999.497437098005,1328.467931867766,6022.075841385968,9.49,0
2023-10-20,20997.04407308278,999.8429007343484,6401.307737726323,9.99,0
2023-10-21,21253.62391447327,1120.419921579635,5775.0124113039365,9.99,1
2023-10-22,20944.30810947,1099.279773227744,6085.452076962868,9.49,1
2023-10-23,20546.88619713666,1000.4825615627234,6322.792489766086,9.99,0
2023-10-24,20604.310750160294,1192.3771921399712,6014.863022856833,10.49,0
2023-10-25,21147.771755962658,1216.0863319085754,6297.638097338823,9.49,1
2023-10-26,20665.18203615353,683.5527071600402,5934.888554621873,9.99,0
2023-10-27,20522.562410540824,1286.996169102672,5399.533568571864,9.99,0
2023-10-28,21367.353132714827,735.8692590286066,6571.002545484067,9.99,1
2023-10-29,21030.168011653033,1258.0176414509833,7186.51693931953,9.99,1
2023-10-30,22812.063008155263,1365.94417777328,6852.819717838298,9.99,0
2023-10-31,18678.722892418496,715.7428585778853,5716.2489263493235,9.99,0
2023-11-01,22441.516121106906,1039.9129484644284,7078.816213890502,9.49,1
2023-11-02,22615.101487443048,909.6141406749653,6149.865197959564,9.99,0
2023-11-03,19313.32069130747,922.6818285076264,6645.253536457043,9.99,0
2023-11-04,21060.40328365721,991.4133073457123,6419.285383308565,9.49,1
2023-11-05,21046.71359088,1208.267785997868,7129.942526808554,9.99,1
2023-11-06,20024.388844646106,1263.2811914562271,5640.800155631838,10.49,0
2023-11-07,20666.5118947066,1312.4623568933212,7108.9845296908925,9.99,0
2023-11-08,20344.86277640656,904.8095335046677,6491.036579939359,9.99,0
2023-11-09,23217.501716792776,1119.0307110907333,7241.770557964012,10.49,0
2023-11-10,22409.38612402993,783.7816677573064,6839.828064385553,9.99,0
2023-11-11,22752.424861790743,976.4472297902996,6701.463149499998,9.99,1
2023-11-12,22208.391795049825,1303.3899163719827,7262.783367751884,9.99,1
2023-11-13,20362.208778668726,1341.2270036430828,6178.842568524641,10.49,0
2023-11-14,20969.975458720997,801.6289985600654,5307.457785822723,9.99,1
2023-11-15,21985.803892799227,980.7973428093825,6037.147936986267,9.99,0
2023-11-16,20274.938207789535,1008.4657589976914,5989.558586240487,9.99,0
2023-11-17,22209.409427409475,1166.5027031343952,6817.822319805619,10.49,0
2023-11-18,21254.144659515558,900.7865289914487,6347.949153404719,9.99,1
2023-11-19,21116.428739865558,1140.633645886096,6944.414016856499,9.49,1
2023-11-20,22197.716346287387,1015.1179479001862,5683.763971866903,10.49,0
2023-11-21,21925.261331950223,1093.3726124218554,6649.372367837647,9.99,0
2023-11-22,21113.016335400644,1164.9076663707722,5424.915287926616,9.49,0
2023-11-23,22625.048202731297,1132.5368640987526,7167.370608561473,9.99,0
2023-11-24,20375.151514906254,931.4803976399991,6065.316097250875,9.99,0
2023-11-25,22061.41710975446,1081.1488947025568,6828.230118938397,10.49,1
2023-11-26,22026.62985074424,1083.658900696145,6176.0474749283885,9.49,1
2023-11-27,21110.820421422333,981.5388150946912,6972.978592255575,10.49,0
2023-11-28,21732.140608380985,1034.847817885629,7040.504514543721,9.99,0
2023-11-29,20139.348998203728,1326.69688401113,6333.5768509670625,9.49,0
2023-11-30,22297.771171870558,1227.0724481817756,6624.572728129447,10.49,0
2023-12-01,21170.963026052053,999.4520876967706,6641.217550463182,9.99,1
2023-12-02,20814.115935609505,1180.0966776826224,5890.788496689177,9.49,1
2023-12-03,22365.688615493033,1051.5205328234497,7137.484414158266,9.99,1
2023-12-04,20591.05712658583,1264.17778384662,7002.057585137709,10.49,0
2023-12-05,19864.55678788515,1067.1562778338764,6494.672316355138,9.99,0
2023-12-06,19692.917348324845,963.1854386153965,5543.073969593749,9.49,0
2023-12-07,21831.011890500155,1181.0939796870632,6730.012225786598,9.49,0
2023-12-08,19918.97126434309,681.7733328034547,5329.120607423603,9.49,0
2023-12-09,22927.553481855462,921.024180310812,7164.461200144477,9.99,1
2023-12-10,19063.165782270968,714.3732878337373,5944.25144111256,9.99,1
2023-12-11,22812.88230726453,1169.232734315968,5908.956522413276,9.49,0
2023-12-12,21297.787106441425,1411.3923552190895,5808.4442099762455,9.49,0
2023-12-13,20959.43170566014,1494.2316145215334,6146.260063326158,9.99,0
2023-12-14,20479.651339158256,1151.5927872460643,5993.465528177063,10.49,1
2023-12-15,21391.201948226193,1169.7289924002012,5812.622116758455,9.99,0
2023-12-16,20921.016116849285,685.8392590119165,6470.794199730877,10.49,1
2023-12-17,22027.647442214387,992.8476121639151,6734.031037134572,9.99,1
2023-12-18,21003.398274480227,892.6131633423636,6203.884916354808,9.49,0
2023-12-19,21003.44872887475,926.0029167935143,5923.138868583244,10.49,0
2023-12-20,20452.683696945456,989.005421130315,6660.158672291919,9.99,0
2023-12-21,20721.693515044357,941.6665602127924,7044.211611057454,9.99,0
2023-12-22,21048.000466832913,656.5400612664881,6072.619398126605,10.49,0
2023-12-23,18990.828580055942,1099.1234802263039,5391.165115439372,9.49,1
2023-12-24,19312.871261483557,751.0949579262166,6039.465211151066,9.49,1
2023-12-25,21363.6649696015,1116.032621302305,6230.084801006958,9.99,1
2023-12-26,20749.91834619083,1452.3124512595361,6155.2769035256315,9.49,0
2023-12-27,20353.053108181324,833.7757370917816,6475.742508316733,9.49,0
2023-12-28,20512.809375263703,519.5829642139192,5199.164768825464,9.49,0
2023-12-29,20798.675846811446,982.7329479645502,6898.753916469768,9.49,0
2023-12-30,19867.457374910406,1213.5647957452345,5996.577474637793,9.99,1
2023-12-31,19584.464232804632,1370.8927024843504,5669.592697560299,9.49,1
2024-01-01,20513.620131089792,779.7710876640062,6109.468962216213,9.99,1
2024-01-02,19293.887296427823,1064.0342094686955,5769.380866438606,9.99,0
2024-01-03,20634.502802327264,938.6630487603526,5324.750188975717,9.99,0
2024-01-04,18477.18690130244,902.6696742042949,6290.62518411735,9.49,0
2024-01-05,21162.003006277166,1586.9688197172654,6369.263718018458,9.99,0
2024-01-06,20558.10423228612,727.3111459352756,6388.932334909524,9.49,1
2024-01-07,20293.804679072557,1065.4381662525425,6563.916289008788,9.99,1
2024-01-08,20972.36940588105,1142.157104647139,5781.129592984165,10.49,0
2024-01-09,21606.718254437597,1297.4931777097493,6718.751425848894,9.99,0
2024-01-10,20906.867951011198,1064.940028244739,6138.239839853963,9.99,0
2024-01-11,18002.59333255355,961.7397745284981,5824.163387374312,9.99,0
2024-01-12,18514.6029157658,847.4004323039319,4490.767164553992,9.99,0
2024-01-13,19119.84341607107,1009.817559052575,5686.405874700687,10.49,1
2024-01-14,19721.03220096159,917.4131549485974,5614.899332396495,10.49,1
2024-01-15,20162.703716163454,1132.449563779383,6264.942590166114,9.99,0
2024-01-16,18869.25623484262,869.5407445334044,5895.798964136888,9.99,0
2024-01-17,19731.601456642355,1062.000151612555,5565.667489581693,10.49,0
2024-01-18,18739.193233392773,931.107098932643,5265.671037929809,10.49,0
2024-01-19,18832.73424422667,1166.8467623657673,5594.4875889893365,9.99,0
2024-01-20,17987.228847033588,889.0826976339822,4947.8475404524725,9.99,1
2024-01-21,18420.284233612918,566.4077180392696,5947.0771178099385,9.49,1
2024-01-22,17941.477677668663,1149.4581840262315,5197.839703076876,10.49,0
2024-01-23,18266.978722541502,732.2024759545513,4026.5995071016296,9.49,0
2024-01-24,20246.25595426418,881.559529983445,5886.465757968351,9.99,0
2024-01-25,18193.077510247025,790.5216167036529,4938.6513426521215,9.49,1
2024-01-26,21724.84829004304,1361.1300331363154,5701.816579282438,9.49,0
2024-01-27,19535.929006279934,549.6616075182576,5242.065382772694,9.99,1
2024-01-28,19177.77456459138,1586.438434961568,5808.036605293899,10.49,1
2024-01-29,18085.11777258968,1115.4672504426944,6089.85574590102,9.49,0
2024-01-30,19594.559549335674,1024.3757602926157,6034.960101733192,9.99,0
2024-01-31,18269.65009089873,902.5037044216792,5177.643333161748,9.49,0
2024-02-01,18918.627117768872,1003.042170859975,5903.540232916012,9.49,1
2024-02-02,21308.349246963462,1169.6419480240409,6162.959618979543,9.99,0
2024-02-03,18604.19697520561,1059.252965950292,5233.958907980111,9.99,1
2024-02-04,19801.893717720483,1101.215579086714,5363.386781199652,9.49,1
2024-02-05,17902.205259528633,913.0263992274815,4494.747174482731,9.99,0
2024-02-06,18523.578515769485,886.7112417270091,5362.111701451122,9.49,0
2024-02-07,20283.003057279908,983.8954961332931,6163.927662144039,9.99,0
2024-02-08,17839.34674061899,852.9856809604132,5303.492187178252,10.49,0
2024-02-09,20233.375353048035,1238.4227870258146,5862.029141940731,10.49,0
2024-02-10,19083.818785136325,1072.9022837129887,5252.2726051925065,9.99,1
2024-02-11,17769.29239293427,300.3868927138574,5634.910813722764,9.99,1
2024-02-12,18920.436455436546,1077.2019780777796,5017.564976657671,10.49,0
2024-02-13,19217.45465223795,999.8199715556525,6153.250352593122,9.49,0
2024-02-14,18824.208035538442,937.4686504877427,5146.1539011981695,10.49,1
2024-02-15,16590.321779211354,751.8123983427905,4600.878915086889,10.49,0
2024-02-16,17392.232188887632,1094.4341534415844,4484.277061358451,9.49,0
2024-02-17,17831.371623036153,1081.0738735763794,5098.710413468028,9.49,1
2024-02-18,17964.699033372373,743.6594181038969,5877.0659392507005,10.49,1
2024-02-19,18620.791038744253,1012.4500093621198,5844.051355845254,9.99,0
2024-02-20,18139.57333350285,712.6473197668853,5931.083056064872,9.49,0
2024-02-21,16589.07057875428,553.5298959799279,5237.792446593251,9.49,0
2024-02-22,18267.96656099501,788.0548831317575,4928.555054033319,9.99,0
2024-02-23,18462.540993139864,1095.605744133545,5373.367685778181,9.99,0
2024-02-24,18376.786230820893,1109.464320616262,5122.936304687537,9.99,1
2024-02-25,18863.69189725317,1045.8016788821171,6324.395021195472,10.49,1
2024-02-26,18583.644041058953,1074.201359422547,4976.698889104529,9.49,0
2024-02-27,18176.62808540581,1012.0670616932822,5899.837270316299,9.99,0
2024-02-28,17615.94349589805,752.5008557503121,5731.259983823799,9.99,0
2024-02-29,15994.763822346125,886.1227000520944,5713.239247561881,9.99,0
2024-03-01,18055.9317173335,1062.8784909122116,5211.936218885301,9.49,1
2024-03-02,17805.58154045618,1041.137342985524,5697.835541926935,10.49,1
2024-03-03,17842.06264157401,1129.8858063736293,6493.444710741625,10.49,1
2024-03-04,16267.35231529622,955.0283852050238,4571.3848561220175,9.99,0
2024-03-05,16437.70566146995,892.1749245818141,4163.791574674806,9.99,0
2024-03-06,18547.637219572578,1141.4119086419146,4624.286148917891,9.49,0
2024-03-07,17431.72839381831,866.2821678411036,5585.874532576158,9.99,0
2024-03-08,18130.67613382715,730.1588764458139,4497.627736118853,9.99,0
2024-03-09,17456.493618881916,840.211288155343,5050.788559195613,9.99,1
2024-03-10,17438.053829454424,722.9221625114315,5450.072742355807,10.49,1
2024-03-11,18327.840814195995,781.3563857149236,5590.9400126737555,9.99,0
2024-03-12,16855.92219996051,813.8923758549221,5269.499092080239,9.99,0
2024-03-13,17451.66145188167,714.0990883940914,5346.643363464928,9.99,0
2024-03-14,16878.01567356696,782.30847775054,5702.837608726784,9.49,1
2024-03-15,16891.733759572377,465.86375458786176,4591.3619375023145,9.99,0
2024-03-16,17004.19730021337,892.8686064852564,4762.761620834745,9.99,1
2024-03-17,17523.85419106195,876.4338046255424,4870.826534683173,9.99,1
2024-03-18,16812.54496738753,677.2095221557383,5458.859396147564,9.99,0
2024-03-19,18537.855135951053,1058.7418904840338,6011.555834982848,9.99,0
2024-03-20,16379.538917607262,1006.4909734056748,5139.474334941432,9.99,0
2024-03-21,17080.572564058064,532.5166553291085,5715.918602662383,9.99,0
2024-03-22,16822.270358553564,688.5685622144354,4457.660673877878,9.99,0
2024-03-23,18704.80361802041,781.411710943561,6445.053141181692,10.49,1
2024-03-24,17451.47926653978,684.5933431052161,5997.063090818063,9.49,1
2024-03-25,18285.1489967288,1080.1524182227897,5853.355697641514,9.49,1
2024-03-26,15767.411470754216,749.6053457831501,5621.122895611794,9.99,0
2024-03-27,17520.982558272208,823.1461596514882,4427.983163642775,9.49,0
2024-03-28,18145.821673374332,506.5186107873659,5181.522433880973,9.49,0
2024-03-29,17342.03609341008,994.1854107123493,4834.959097682047,9.99,0
2024-03-30,18330.10027858432,668.6533349585216,5859.7697454539675,9.99,1
2024-03-31,16753.509183705777,849.6619852385546,4500.98238531066,9.99,1
2024-04-01,18687.6355175463,989.8571634689534,5985.038229932632,10.49,1
2024-04-02,19585.991563406205,1251.4312973380404,6561.065541020218,9.99,0
2024-04-03,16934.376788520138,584.9547596021846,5427.914486598041,10.49,0
2024-04-04,16863.15233290888,239.2551854812791,5200.821211703415,9.49,0
2024-04-05,18774.79690347897,975.5097541246877,5138.502400593316,9.99,0
2024-04-06,18915.060102257765,1305.855241415059,5251.092547614647,10.49,1
2024-04-07,16828.020730001466,1089.1903070879607,5673.215671648773,9.99,1
2024-04-08,16947.40274473366,889.3020202916082,5473.895325372764,9.99,0
2024-04-09,17103.82791706999,756.8641587270901,5111.638615432225,9.99,0
2024-04-10,16060.496716406855,964.4493551478049,4609.194242039111,9.49,0
2024-04-11,16506.938721529164,630.6376961355645,3939.1776799030613,9.99,0
2024-04-12,16443.39850753296,917.4414792478917,4397.5933429176675,9.99,0
2024-04-13,16702.991334345686,936.2435985506097,5966.606943873568,10.49,1
2024-04-14,17460.649937692495,1085.0744783844007,4597.967195806515,9.49,1
2024-04-15,17755.386495732433,1439.7013325688372,5421.3558593302705,10.49,0
2024-04-16,19098.79435141061,1033.4229110062838,6233.360292020781,10.49,0
2024-04-17,16578.340650686026,727.1243073928016,4346.040861204661,9.49,0
2024-04-18,18590.68967846858,924.4196214850302,5669.562140931115,9.99,0
2024-04-19,17423.315239618834,517.3505810031181,5695.952340640977,10.49,0
2024-04-20,17620.03329742376,742.0590386533764,5292.259650180754,10.49,1
2024-04-21,18377.75689405359,837.0313570800588,6947.52859604946,9.99,1
2024-04-22,16614.89405081853,725.927022954008,4150.168585806461,9.99,0
2024-04-23,18155.933024790902,938.2676256462895,5976.14417237921,9.99,0
2024-04-24,17977.100949051637,734.3710609761417,5306.729416017259,9.99,0
2024-04-25,18341.43290809864,1141.2777788698263,5888.389949847929,9.49,1
2024-04-26,18177.67928677758,908.9253773225186,5673.957361882897,9.99,0
2024-04-27,20384.52400607194,1017.3661360758719,5748.779103266584,9.49,1
2024-04-28,17333.368938390904,801.0895036169617,5314.508877746941,9.49,1
2024-04-29,17483.155951126853,905.1959343281386,4315.996059638912,9.99,0
2024-04-30,17435.20187481906,1036.77974667448,5532.184312731414,9.99,0
2024-05-01,17548.186370153166,703.9832753654782,5413.535144041212,9.99,1
2024-05-02,17512.714627174322,744.0124335436649,5573.144472473848,9.99,0
2024-05-03,19386.658821148514,908.5877353020928,6345.056808888129,9.99,0
2024-05-04,19666.773952979507,714.1645129543324,6083.842105998708,9.49,1
2024-05-05,17725.221837036537,722.4095199075273,5391.611261010099,9.99,1
2024-05-06,17514.365655220245,780.4741080520805,4813.775528235427,10.49,0
2024-05-07,18869.927751500032,1118.374223717547,5304.867943625484,9.99,0
2024-05-08,17899.10072837767,947.4673022192686,5963.097528601967,9.99,0
2024-05-09,19138.070071799557,995.6214858634868,6459.588724392856,9.99,0
2024-05-10,18762.86051256483,1108.322618061836,5509.802935613421,10.49,0
2024-05-11,17099.958790446126,827.523581842427,5152.989010760475,9.49,1
2024-05-12,20219.92069183591,1089.0890045775734,5613.66902005389,9.99,1
2024-05-13,20525.933499114904,1005.6523243692459,6744.1584723681935,9.99,0
2024-05-14,18175.8153929969,961.8632395297708,5785.45302974496,9.99,1
2024-05-15,18460.33847554378,806.4651922548726,6508.710260895008,9.49,0
2024-05-16,19194.208455306,471.94699111001427,5319.100998001931,9.99,0
2024-05-17,19303.94896237528,938.3416156815033,5602.180739203475,9.49,0
2024-05-18,19690.01026143968,1269.050140291972,6022.7260396946895,9.99,1
2024-05-19,21104.44732000076,1240.4654464483565,6654.5789648631135,9.99,1
2024-05-20,18980.853237014824,1142.1221587689754,5586.4221523306305,9.49,0
2024-05-21,18423.819365673648,1168.417112644926,5090.665264475244,10.49,0
2024-05-22,17907.84922870959,913.1239796277672,5813.058533074663,9.49,0
2024-05-23,18622.002879241834,970.563285443211,5947.168545045341,10.49,0
2024-05-24,19386.25962675755,845.7826022510076,5357.740837745402,9.99,0
2024-05-25,21281.063660806773,1000.8386118349287,7062.0404987947795,9.49,1
2024-05-26,19036.655219937606,1074.9869909511087,6296.095920579583,9.49,1
2024-05-27,19846.432441278546,1233.0985094976907,6021.07798100746,10.49,0
2024-05-28,19675.192266970156,955.8703582123079,5942.356611279065,9.49,0
2024-05-29,20949.54700597513,957.4394973284743,6561.892987350493,9.49,0
2024-05-30,22358.167567795514,1118.0139701610951,6276.598735210525,9.99,0
2024-05-31,19370.96532363211,1088.7896159674285,5826.305336671674,9.99,0
2024-06-01,19483.48563183415,685.4033183649992,4768.853917245656,9.99,1
2024-06-02,21088.643214146752,595.1959700798901,6764.820786995493,9.49,1
2024-06-03,20798.371431241347,929.8112016637507,5458.764818151474,9.49,0
2024-06-04,22035.59907711638,857.6374686729873,7362.389637349414,9.49,0
2024-06-05,20845.619633128215,940.6529421269487,6088.625842955239,9.49,0
2024-06-06,19975.560451098496,969.2219587914306,5886.83464436396,9.99,0
2024-06-07,20999.00321654191,959.3004790224928,5985.83401192032,9.99,0
2024-06-08,21590.855765419245,1370.0362951651114,6333.237292664735,9.49,1
2024-06-09,21376.719189880427,1134.1849124144853,7122.281429538146,9.99,1
2024-06-10,21137.849834861885,1116.9873636652599,5097.450622191025,9.99,0
2024-06-11,21771.816094418806,1213.0322335296207,7170.027521369736,10.49,0
2024-06-12,21949.202137482054,869.693483317949,6753.77238179547,10.49,0
2024-06-13,22237.002868869058,1319.6725009275067,6067.59003673211,10.49,0
2024-06-14,21578.63585660784,1063.7789355233,5935.934560457733,9.49,1
2024-06-15,20838.00724847997,1175.996485872241,7089.598688148093,9.49,1
2024-06-16,21227.128100277478,846.9849584058428,5895.384990111877,9.99,1
2024-06-17,22362.274607923144,807.3619771929444,6132.007127078963,9.49,0
2024-06-18,20414.215730472817,1184.2887181286467,6692.921990324209,9.99,0
2024-06-19,21675.21737763187,1159.042774101097,6671.841651432518,9.99,0
2024-06-20,20988.577202728342,869.018549264915,5827.610372550303,10.49,0
2024-06-21,21485.984444133337,900.3666059517279,6554.10782094231,10.49,0
2024-06-22,22810.939151881947,1365.6339144770513,6330.405403744445,9.99,1
2024-06-23,21798.730522755763,852.0541475643226,7090.0298560380315,9.99,1
2024-06-24,21729.08114666549,1414.9886479844672,7049.409826436213,9.99,0
2024-06-25,20397.643118108703,839.7580089758615,6385.296034843583,9.49,1
2024-06-26,22578.421610626436,1256.5994656529986,6954.357013811438,9.99,0
2024-06-27,22552.10782597468,1061.8816961489372,7646.226410226091,9.49,0
2024-06-28,24144.093566555905,1327.842164544264,7243.071233660883,9.99,0
2024-06-29,21747.008293979517,978.5276142761375,5933.165425483454,9.99,1
2024-06-30,22347.590036162288,1084.8209205936555,6929.01396726484,9.99,1
2024-07-01,22451.15520167289,1130.7415951627888,7778.370085270423,9.99,1
2024-07-02,23852.20851430032,992.1729345587216,6648.282807697169,9.99,0
2024-07-03,22252.068755988334,1260.768306883442,6494.889243449507,10.49,0
2024-07-04,22698.59380001428,1032.2869767063971,7017.80115905501,9.49,0
2024-07-05,23099.249472841075,1109.24249057405,6902.822417349453,9.99,0
2024-07-06,22749.289436894473,938.5945969230212,6333.635040879684,9.99,1
2024-07-07,22187.09486943616,596.8880117127461,7217.057388946083,9.99,1
2024-07-08,22897.961835205697,1106.692539240251,8029.408911570339,10.49,0
2024-07-09,23847.316728793754,1674.8889207622708,7252.26074815008,9.49,0
2024-07-10,21816.42741765005,1247.7422284621073,6092.894080427015,9.99,0
2024-07-11,23044.589798052948,1148.3774139557684,6138.896676889147,9.99,0
2024-07-12,22279.57170672423,1061.400419494558,6812.859502627859,10.49,0
2024-07-13,24242.182127272317,1216.602284926025,7824.593309839824,9.49,1
2024-07-14,21590.738013734455,1188.960723721765,6714.8052773680265,9.99,1
2024-07-15,22621.115086613885,894.8931912689253,6785.132605524738,9.99,0
2024-07-16,23622.659868851475,1403.9973323763481,6792.16213476079,9.49,0
2024-07-17,24875.658884770062,1386.859207326752,6916.615849071974,9.99,0
2024-07-18,23308.324333559158,1309.0533618195448,7409.872963230188,9.99,0
2024-07-19,22882.04508814293,1231.797402169092,7321.499337135672,9.99,0
2024-07-20,25380.779727535708,1272.9623179155835,6841.369024915345,10.49,1
2024-07-21,22113.17291390726,1240.2308928887269,7428.8713632625195,9.99,1
2024-07-22,21423.10957440905,1189.5183054687282,6713.968482769715,9.99,0
2024-07-23,24121.802072836083,1135.2819614535995,7936.337944423721,9.99,0
2024-07-24,23238.72805617349,1047.2160482292943,6300.55454260949,9.49,0
2024-07-25,22777.646263584025,1159.2535722315986,6150.381801367488,9.49,1
2024-07-26,24564.414441590725,1538.0247523785738,7294.839677593569,9.99,0
2024-07-27,24156.100109257168,959.9835903320782,7498.222246224747,9.99,1
2024-07-28,23403.505439701905,876.6702188346073,7919.232043374052,9.49,1
2024-07-29,22741.58882697056,1170.0316095958315,7175.516104998735,9.99,0
2024-07-30,24947.665824475916,1257.5608315949994,7362.959108936759,9.99,0
2024-07-31,24777.713131839708,1273.5539894660672,6920.129335718966,9.49,0
2024-08-01,24079.610251252496,1252.771152144325,7838.883361735323,9.99,1
2024-08-02,26075.650944267425,1259.1420962864104,7340.34257040487,9.49,0
2024-08-03,23208.094115409887,1458.377393490911,7776.662512009127,10.49,1
2024-08-04,22800.739639948235,819.8561863021088,6698.0295671812155,10.49,1
2024-08-05,23681.348035118343,1018.367996799868,7899.695446844427,9.99,0
2024-08-06,24373.55159807369,1198.026627873875,7651.531124451745,9.49,0
2024-08-07,24707.234126398333,906.7239440890833,7343.67249319827,9.99,0
2024-08-08,24266.277067039046,1178.1429724655382,7020.184934198651,10.49,0
2024-08-09,24902.034686626597,1577.3957674769335,7300.156467314939,9.99,0
2024-08-10,23339.740587032524,1171.1643270108186,7216.080522297376,9.49,1
2024-08-11,26075.167242852527,1349.8985432863633,7861.1284209646155,9.99,1
2024-08-12,24588.1838625536,977.376240093164,7079.549454731728,10.49,0
2024-08-13,25825.361440420114,1167.9957904131102,7664.792726967218,9.99,0
2024-08-14,25087.308607966694,1179.3261543335475,7565.4810972495825,9.99,1
2024-08-15,25236.630670435625,1198.2885141705344,6506.622153923281,9.99,0
2024-08-16,25383.7054477543,1525.5140313884688,7844.195691720639,9.99,0
2024-08-17,25294.46450188364,1376.2614372392072,7098.478738206689,9.49,1
2024-08-18,25521.044611843823,1053.7606392047849,7079.647181950274,9.99,1
2024-08-19,26237.780055671454,1361.1899584699738,7027.661843146081,9.49,0
2024-08-20,25134.186313646907,1356.3536653817025,6643.309645160127,9.99,0
2024-08-21,25674.43120331398,1511.7513678699522,7024.605609438049,9.49,0
2024-08-22,24902.172035451295,1561.2167390862394,7116.1411318201435,9.99,0
2024-08-23,26457.21707356722,1119.8420153127872,8913.794690833449,9.49,0
2024-08-24,24364.605956907497,1056.0587956033073,7046.441949124646,9.99,1
2024-08-25,26864.538361718627,1091.7113463030082,8148.236561649604,9.99,1
2024-08-26,25044.736484135698,1205.4328523853887,7713.6616384938725,9.49,0
2024-08-27,23674.108814469157,1276.977115612725,7167.765237448671,9.49,0
2024-08-28,25251.6675031045,1460.0502784730456,7536.778520568353,9.49,0
2024-08-29,24459.877581793527,1207.803674361172,6740.316392738436,10.49,0
2024-08-30,25997.623785364107,1235.9116846172367,8524.750909748838,9.99,0
2024-08-31,24519.09054460898,1256.306125680197,8259.325485201636,9.99,1
2024-09-01,24738.94769157438,1069.9188042527144,6580.354960410971,9.49,1
2024-09-02,23307.688909921435,1583.2921898350264,6480.292377533241,9.99,0
2024-09-03,24755.70393387421,916.2529912700988,7286.80600897376,10.49,0
2024-09-04,22793.5943949485,1176.62783552657,6355.809421029455,10.49,0
2024-09-05,23641.71856146995,1586.8071719194252,7345.498345168918,9.99,0
2024-09-06,25992.86981624711,1301.0034597243553,7433.724843670825,9.49,0
2024-09-07,26023.777699791095,1263.181077989256,8889.66134384063,9.49,1
2024-09-08,25667.649160155037,1211.8933734456664,8295.569045218308,9.49,1
2024-09-09,24278.124833796748,1177.827905337356,7389.724465455131,9.49,0
2024-09-10,25198.998539029824,1534.5196218867973,8073.192693368813,9.49,0
2024-09-11,25243.42060375762,819.7986479219798,8125.976393305939,9.49,0
2024-09-12,24087.681389775462,1511.0708097480383,6944.330672903517,9.99,0
2024-09-13,26747.182931229025,1052.5677160714222,7616.046257097724,10.49,0
2024-09-14,26117.607575150178,1252.5499129106258,7874.353804029877,9.99,1
2024-09-15,25014.470922183427,1164.874662049439,7935.159338904,10.49,1
2024-09-16,25256.247512843576,1380.5230295963229,7646.404453179781,9.99,0
2024-09-17,25430.41599112197,951.8959291793491,6840.626556241092,9.49,0
2024-09-18,23171.723472090118,1251.0207068208947,6550.104819651614,9.99,0
2024-09-19,24956.469027477073,1652.6853760312242,7449.954276445933,9.49,0
2024-09-20,24510.622951288136,952.8963466458448,7315.354083223526,9.99,0
2024-09-21,24178.731045369997,1246.877785790579,8239.890402005904,9.99,1
2024-09-22,24885.788566612227,1111.8929927712895,6772.742598784169,10.49,1
2024-09-23,26949.918550295788,1432.6733687533965,8337.770186006674,9.49,0
2024-09-24,25777.235344719775,1292.6913227191392,8477.727157580077,9.49,0
2024-09-25,24548.203705717246,1099.1128034770004,8500.185984426571,10.49,1
2024-09-26,25673.79841109257,1381.2643775288436,7499.94081173579,9.49,0
2024-09-27,26481.26020136357,1684.9326320255273,8190.092786769171,9.99,0
2024-09-28,25986.09776469728,1261.1241298894042,8080.709508008507,9.99,1
2024-09-29,25099.53842824092,1398.9285098416824,7627.602394248922,10.49,1
2024-09-30,24370.314884285763,959.8611526400554,7261.671864666076,10.49,0
2024-10-01,25691.733657480243,1093.2994075104104,7925.507791994096,10.49,1
2024-10-02,25362.18541711549,1362.5905264318499,6342.532582524804,9.49,0
2024-10-03,25838.030342925922,1588.724722853489,8092.443847909092,10.49,0
2024-10-04,25551.11027906168,1348.678183710216,7728.422035549486,9.99,0
2024-10-05,25937.574125423806,1234.2671001665594,7670.034789238009,9.99,1
2024-10-06,24323.868471936934,1216.0517046815175,8320.59163944086,9.49,1
2024-10-07,26146.597565272838,1057.2483314696985,7506.512260186574,9.99,0
2024-10-08,24995.939096956947,1370.7000201189207,7297.243734554568,10.49,0
2024-10-09,26841.79159120822,1518.556192025093,9048.314128464834,10.49,0
2024-10-10,24044.60883280876,1111.812375073822,6797.3519974177,9.99,0
2024-10-11,26436.12097122231,1227.7976190092154,7655.778649898423,9.49,0
2024-10-12,24863.54333017591,1296.3528124392053,7385.550287337348,9.99,1
2024-10-13,23978.82544880545,1111.5973252321535,7614.014875706411,10.49,1
2024-10-14,24110.1250964948,1192.2797318995756,7336.938782625097,9.99,1
2024-10-15,24236.609088851295,1631.7748122758678,6624.670053079257,9.99,0
2024-10-16,24943.26757541912,1197.7582386217568,7216.89599106214,9.49,0
2024-10-17,25003.30424320224,1178.4971817558676,7197.314056354567,9.99,0
2024-10-18,23867.380242130974,1063.8606509795168,7121.603550027769,9.99,0
2024-10-19,24376.60431203964,1367.6686099019694,7525.903122926806,10.49,1
2024-10-20,26502.398213027845,1288.8750760077717,8159.822341852339,9.99,1
2024-10-21,26046.15370289325,1172.4330774803775,6925.840233843774,9.99,0
2024-10-22,24712.754347005022,1499.8985238048535,7945.796797881934,9.99,0
2024-10-23,24271.61579519441,1497.501390662448,7407.7691615566355,9.49,0
2024-10-24,24310.211088128006,1095.4258412586594,7985.3293502353545,10.49,0
2024-10-25,24759.675562599474,864.6757878578507,7650.001832425178,9.99,1
2024-10-26,23078.778075649814,1355.4416417498753,7474.294901562825,9.99,1
2024-10-27,23799.06746351139,1053.0274080235688,7372.99289477848,9.99,1
2024-10-28,22342.218919959825,1275.2360658305452,7375.778554089321,9.99,0
2024-10-29,24363.89629186528,824.1740510508969,7570.2942055684725,9.99,0
2024-10-30,24565.276231378255,1406.7832792287747,7320.625246192024,9.99,0
2024-10-31,23387.863866706895,927.1588074791887,8152.576520235509,9.49,0
2024-11-01,25397.59620450447,1416.0326340385284,8063.797422491286,9.99,1
2024-11-02,22550.018305805996,1130.3555288575867,7051.8777022440045,9.49,1
2024-11-03,22263.225541059477,922.3733931736449,6040.815454048675,9.99,1
2024-11-04,23903.537283964288,1113.7696016128582,6526.907376457518,9.49,0
2024-11-05,24677.36421624176,1371.1319022034284,7549.567005943454,9.99,0
2024-11-06,25265.096403648044,1284.433710805449,7652.2895199785335,10.49,0
2024-11-07,23072.936666451613,1270.5294294170776,6614.819717431325,10.49,0
2024-11-08,24560.930576783292,1623.3346457422617,7438.770522841017,9.99,0
2024-11-09,23393.973961270553,856.8503757213174,7812.505652402963,9.99,1
2024-11-10,23209.919054295435,1483.9384677084968,7310.6769535637795,9.49,1
2024-11-11,24216.128888040552,1231.6776319066703,6694.334411535796,9.99,0
2024-11-12,23934.600597038643,1016.9732201873065,7124.625765540121,10.49,0
2024-11-13,21655.608050379273,816.7176773711658,6094.199174687501,9.49,0
2024-11-14,24658.20435331604,1195.0861395103955,7203.611347790531,9.99,1
2024-11-15,24511.388074061328,1409.8994260879583,7146.608589403577,10.49,0
2024-11-16,22455.36328108941,1097.2583399789635,6497.78619302482,10.49,1
2024-11-17,23426.382952864362,1473.5501336926877,6400.347199872611,9.49,1
2024-11-18,23474.314833841003,883.4806036817383,6978.467109393206,9.99,0
2024-11-19,23190.743027221855,1157.1193617918818,6676.919089742902,9.49,0
2024-11-20,22329.655666626335,866.004094448693,5234.172354986767,9.49,0
2024-11-21,22158.36346937941,1180.6445499939641,7673.995053064654,10.49,0
2024-11-22,22754.620694405363,1315.1085127397282,7370.771035429945,10.49,0
2024-11-23,23903.28100629276,1111.0116915784274,6982.83393942533,9.99,1
2024-11-24,23224.745955976297,640.3945264733882,6976.8333116631875,9.49,1
2024-11-25,22261.3690803475,1152.858083376674,6092.583550445469,10.49,1
2024-11-26,23354.790627712613,1255.0872417323326,7854.2986272192165,9.99,0
2024-11-27,19685.955672498272,1065.1567346172533,6854.4310491360375,9.99,0
2024-11-28,23634.995087978168,1428.9061927633393,7168.8453905167125,9.99,0
2024-11-29,20698.598126029625,820.7191703716715,6721.34475990156,9.49,0
2024-11-30,22028.33145323766,1237.459793751973,6696.14282543826,9.99,1
2024-12-01,21223.967346318663,1299.699869811528,5698.827484457634,9.99,1
2024-12-02,21002.251174178287,694.3950419076109,6094.763667771657,9.49,0
2024-12-03,23411.51142588778,1234.5059364781844,7089.4174111523125,9.49,0
2024-12-04,21737.21782186329,986.0249248916302,6293.891487187265,9.49,0
2024-12-05,22506.1652900799,1109.003729883666,6642.522948306452,9.49,0
2024-12-06,22068.016596406687,1172.9361265280018,6574.705200167448,9.99,0
2024-12-07,22547.812298113673,1029.9449020829732,6723.904440501371,10.49,1
2024-12-08,22104.01108773086,970.0589385542208,6657.332571567999,9.49,1
2024-12-09,20701.22277360605,1041.8916221779075,5680.064298883513,9.49,0
2024-12-10,22938.14007171128,929.4578158130037,6522.933946949416,9.99,0
2024-12-11,21406.431477041562,853.1565480750412,5779.637310262484,10.49,0
2024-12-12,20302.601334608164,1151.0047233217088,6579.688175225549,9.99,0
2024-12-13,21390.767123221813,839.7795491293595,5364.406666046381,9.99,0
2024-12-14,23280.0682070658,1297.2659105351324,7560.815633778203,9.99,1
2024-12-15,22590.706256127803,1222.0535713771806,7470.386575469763,9.49,1
2024-12-16,21353.78099703491,722.5277040936264,6255.044005619162,9.49,0
2024-12-17,21315.91877948685,930.2830085072115,5093.207089932404,9.99,0
2024-12-18,21307.101385794147,1304.1769498991819,6211.475134754599,9.99,0
2024-12-19,23669.882481746237,987.2610178593757,7068.872663879461,9.99,0
2024-12-20,21940.327258447007,1004.1355104604729,6076.799067569645,9.99,0
2024-12-21,21954.570769658352,1190.140717133297,6328.762033993384,9.99,1
2024-12-22,22521.850275693505,1282.7706156411944,7521.652682139727,9.49,1
2024-12-23,21698.314041949132,1034.6079248885576,6841.95779373561,9.99,0
2024-12-24,21169.380735178613,938.9669978206025,5888.5321633645335,9.49,0
2024-12-25,21201.930128580592,1344.5704787687312,5561.779453776461,9.49,1
2024-12-26,21297.513653886803,1412.655615453856,6225.745437361155,9.99,0
2024-12-27,21303.72376214662,1260.9577982636902,6284.388738968767,10.49,0
2024-12-28,22041.4206504473,1119.13466103537,6860.525788815848,10.49,1
2024-12-29,21339.613551121565,905.327533227893,6134.22570905264,9.99,1
2024-12-30,21995.23272575253,933.6727549763134,6854.319605406688,9.49,0
2024-12-31,21157.86599009733,1162.396120558018,7314.936817059313,9.49,0
2025-01-01,21294.288666468106,1148.394077501142,6796.037111162564,10.49,1
2025-01-02,19195.620252727356,1240.1007312256538,5734.64182215282,9.99,0
2025-01-03,22089.427717327013,1234.5614043735784,6535.253079671456,9.99,0
2025-01-04,21499.99386882389,774.3836330892309,6271.661593557232,9.99,1
2025-01-05,22133.06120386931,1317.0425837380492,7230.238817386866,9.99,1
2025-01-06,18221.495372497993,711.4626431620171,5152.791888773747,10.49,0
2025-01-07,23189.992165560878,1082.7053538875737,6979.609004168255,9.49,0
2025-01-08,20947.074181165666,1097.3937503086222,6309.721205290242,9.99,0
2025-01-09,22181.08467980519,1508.1877319470523,6403.433307535791,10.49,0
2025-01-10,20020.437238055496,1623.005573103847,5319.898397474598,9.49,0
2025-01-11,21661.772635218655,1204.4332435881693,6660.019042374431,9.99,1
2025-01-12,19985.463475809745,962.6338500464097,5965.1370568152315,9.99,1
2025-01-13,20406.225073848185,1127.2123833885194,6371.987756872741,10.49,0
2025-01-14,22936.384471107496,1324.3503087301422,6614.115188112665,9.49,1
2025-01-15,20825.282740104754,977.1306118937994,6857.99547143795,9.99,0
2025-01-16,21228.271281902038,1420.4558352775664,5930.094493964689,9.49,0
2025-01-17,21877.0484006417,1139.8665718703655,7419.134662201455,9.99,0
2025-01-18,21500.08100413091,1174.5526680248245,5576.206046325141,9.49,1
2025-01-19,21153.51928336929,1190.8608145793569,6563.440817289232,9.49,1
2025-01-20,21368.051525884337,1152.7198984171082,6648.130799028612,9.99,0
2025-01-21,23407.790637946593,1338.1776319912524,6624.558657413536,10.49,0
2025-01-22,20949.340101328482,924.0163677570396,6496.99899932905,9.49,0
2025-01-23,21211.945468485967,948.9369226350924,7003.342975425869,9.49,0
2025-01-24,22066.695807543976,883.30394378286,5511.59932258616,9.99,0
2025-01-25,22128.073014762453,1194.303896862168,6889.794308174143,9.99,1
2025-01-26,22217.39637641488,1266.6571195231668,5418.583502759425,10.49,1
2025-01-27,21678.230661968515,1175.4661063288029,6020.6367968289505,9.49,0
2025-01-28,19906.946759649414,1330.2458246519782,6786.667210345297,9.99,0
2025-01-29,22695.152205214596,1133.6384064949204,6517.654644868352,9.49,0
2025-01-30,19928.462374277547,1130.17144983238,5391.598730078778,9.49,0
2025-01-31,21391.848167398955,851.2522331420851,6318.5855857273455,9.99,0
2025-02-01,20350.658795104046,940.1129992603221,7139.150807612989,9.99,1
2025-02-02,21057.83383856527,1191.999243441419,5401.509027966568,9.99,1
2025-02-03,21469.085743512274,1243.2747093242424,5915.07076723401,9.99,0
2025-02-04,21481.34273851618,1015.2737473929726,7193.118663144667,9.99,0
2025-02-05,21602.87636672992,1065.8239679648827,7409.714081787843,9.99,0
2025-02-06,22816.94115367338,837.2723083475071,6793.366733956872,10.49,0
2025-02-07,21680.338351047703,1012.6110773910633,5884.57515405099,9.49,0
2025-02-08,21007.516610941097,1228.4524632510122,7350.176734186908,9.49,1
2025-02-09,22241.919212985675,1227.1369638705971,7469.7969597703,9.99,1
2025-02-10,22494.74493723771,1224.8703911381274,7087.896975052428,9.99,0
2025-02-11,20106.38608135348,1015.2740415038661,5625.714649937335,9.49,0
2025-02-12,21961.383337402185,1099.4817985957445,6563.900330801637,10.49,0
2025-02-13,22096.407624172658,972.7561533139434,6548.742246729383,9.49,0
2025-02-14,21130.177001836415,1196.2745341323277,6504.478752858714,10.49,1
2025-02-15,22837.198165677866,1226.0544971617715,7576.660168769027,9.49,1
2025-02-16,21346.422504040955,1165.7248948006077,6843.635271780988,9.99,1
2025-02-17,21658.26729948439,977.7063964407035,5958.792151352937,10.49,0
2025-02-18,21397.047378926593,639.183784972081,7107.362438687746,9.49,0
2025-02-19,21624.331262180833,1300.647105459781,6643.865448660827,10.49,0
2025-02-20,20552.303315934503,931.8476745950444,6509.223892709809,9.99,0
2025-02-21,20249.534883717228,839.9215913772373,6808.130894754469,10.49,0
2025-02-22,23326.26684771274,1305.0091247684359,6442.089929557047,9.99,1
2025-02-23,20928.132075017133,968.0040757670307,6260.526833151908,9.99,1
2025-02-24,20828.174791636015,1253.3960163911252,5982.725161811197,9.49,0
2025-02-25,19711.778780602894,1108.9901289454842,5129.60392149814,9.99,1
2025-02-26,21272.92239581781,1200.3599844309863,6555.231707547803,9.49,0
2025-02-27,20636.608067184687,758.6392611191276,7446.760695947618,9.49,0
2025-02-28,23650.609694567054,1424.9192818056329,6175.144036117239,9.49,0
2025-03-01,23068.375267521627,1205.6688696228525,6904.372274731752,9.99,1
2025-03-02,21421.421991026324,997.2156717020755,6746.698064845284,9.99,1
2025-03-03,24414.055896657916,1249.3804883013458,7385.755869825465,9.49,0
2025-03-04,23196.449559180623,804.5754313793672,6902.370841496317,9.49,0
2025-03-05,21943.915077509046,1178.9263161715864,5933.566341529801,9.99,0
2025-03-06,19824.383286447788,785.3448626859752,6063.708357404418,9.49,0
2025-03-07,24670.735578568452,963.0027217597159,7022.838685062572,9.49,0
2025-03-08,21047.166898666932,747.8865076897685,5219.189217110803,9.49,1
2025-03-09,20849.209809129028,1264.9981654544365,6852.059052995573,10.49,1
2025-03-10,23575.951080899908,1052.9448753064378,7551.978234190993,10.49,0
2025-03-11,25052.787724425627,1559.3849282045812,7541.666805753228,9.99,0
2025-03-12,24057.824668654317,1095.7309408222563,7331.884744699147,9.99,0
2025-03-13,23298.818272912195,823.4693221270204,7526.804488231439,9.99,0
2025-03-14,23391.840106291816,946.287117324859,7129.721860276586,9.99,1
2025-03-15,23713.475422640502,1432.836095133413,7566.051404172807,9.99,1
2025-03-16,23682.73786837588,1152.9572578314605,6956.080260075839,9.99,1
2025-03-17,23269.50292016441,1053.8176867101004,7636.8427453362965,9.49,0
2025-03-18,23157.744777256383,1189.8908840333768,7107.716296143257,9.49,0
2025-03-19,23056.88951792589,1253.2010231298036,7014.092827180704,9.99,0
2025-03-20,22432.14035025781,1345.0867806933825,6094.611560721327,10.49,0
2025-03-21,22972.711701474444,1438.3354310523075,7035.291437593187,9.99,0
2025-03-22,21628.347284638327,1009.4636350740991,6072.5267266442725,10.49,1
2025-03-23,23291.492929957105,899.3651092814478,6668.306515722884,10.49,1
2025-03-24,22470.35643258222,1040.8247894044557,6333.419115616604,9.49,0
2025-03-25,22425.034860500695,1173.307844341612,6194.3929922005955,9.99,1
2025-03-26,23778.73150502269,996.1847900090124,8196.005153015287,9.99,0
2025-03-27,25061.564001967243,1061.6480171193537,8184.138731584374,10.49,0
2025-03-28,24659.0882918133,1301.7119909006421,8357.91023861612,10.49,0
2025-03-29,22241.94087028592,1102.3665732002057,6061.134751307993,9.99,1
2025-03-30,22894.916950793624,1151.3052466219985,6904.101960193533,9.49,1
2025-03-31,24897.82753100309,1093.192309610141,6822.5944466988785,9.99,0
2025-04-01,23047.461485059128,1106.292931411803,6566.391006919206,9.49,1
2025-04-02,23878.56301432916,1009.0815218627972,6704.505412590461,9.99,0
2025-04-03,24726.823613575405,1414.3808629037278,8037.8390872934015,10.49,0
2025-04-04,23282.303644617485,1371.1650491756247,6786.576254334365,9.99,0
2025-04-05,24430.17446312066,852.2711507084143,7863.242005783206,9.99,1
2025-04-06,23065.17150946533,967.3564034347845,7221.611897633858,9.99,1
2025-04-07,23872.447406501742,894.3165193070713,8313.553598002916,9.99,0
2025-04-08,24868.40774141114,1113.4156001891774,6720.80021085348,9.99,0
2025-04-09,23030.608168714087,1134.8428144776321,7538.799070507625,9.99,0
2025-04-10,25139.190628116277,967.030487466108,8114.977623635246,10.49,0
2025-04-11,24754.30246625845,1053.3431606878598,6939.601320864018,10.49,0
2025-04-12,25401.737427436572,1069.295396955529,8124.087896467551,9.49,1
2025-04-13,25148.524057015493,1298.8796687305635,7712.629698617762,10.49,1
2025-04-14,26364.140429973842,1332.0758889059423,7795.503999015448,9.99,1
